mp_file,mp_line,kind,type,method,ordinal,debug_only,mp_comment,resolved_in_1.6.4633,vanilla_file,vanilla_line,vanilla_body,verdict
Client/Syncing/Game/SyncDelegates.cs,23,SyncDelegate.Lambda,FloatMenuOptionProvider_CarryToBiosculpterPod,GetOptionsFor,0,False,Carry to biosculpter pod,yes,RimWorld/FloatMenuOptionProvider_CarryToBiosculpterPod.cs,53,"{ if (!podComp.CanAcceptOnceCycleChosen(clickedPawn)) { Messages.Message(""CannotCarryToBiosculpterPod"".Translate() + "": "" + ""NoBiosculpterPod"".Translate(), clickedPawn, MessageTypeDefOf.RejectInput, h",OK
Client/Syncing/Game/SyncDelegates.cs,24,SyncDelegate.Lambda,FloatMenuOptionProvider_CaptureEntity,GetOptionsFor,2,False,Capture entity,yes,RimWorld/FloatMenuOptionProvider_CaptureEntity.cs,48,"{ if (!ContainmentUtility.SafeContainerExistsFor(clickedThing)) { Messages.Message(""MessageNoRoomWithMinimumContainmentStrength"".Translate(clickedThing.Label), MessageTypeDefOf.ThreatSmall); } holdCom",OK
Client/Syncing/Game/SyncDelegates.cs,38,SyncDelegate.Lambda,Command_SetPlantToGrow,ProcessInput,2,False,Set plant to grow,yes,Verse/Command_SetPlantToGrow.cs,76,"{ string text2 = tutorTag + ""-"" + plantDef.defName; if (TutorSystem.AllowAction(text2)) { bool flag = true; for (int i = 0; i < settables.Count; i++) { settables[i].SetPlantDefToGrow(plantDef); if (fl",OK
Client/Syncing/Game/SyncDelegates.cs,39,SyncDelegate.Lambda,Building_Bed,SetBedOwnerTypeByInterface,0,False,Set bed owner type,yes,RimWorld/Building_Bed.cs,438,{ List<District> list = new List<District>(); List<Room> list2 = new List<Room>(); foreach (Building_Bed item2 in bedsToAffect) { District district = item2.GetDistrict(); Room room2 = district.Room; i,OK
Client/Syncing/Game/SyncDelegates.cs,40,SyncDelegate.Lambda,ITab_Bills,FillTab,2,False,Add bill,yes,RimWorld/ITab_Bills.cs,104,"{ if (ModsConfig.BiotechActive && recipe.mechanitorOnlyRecipe && !SelTable.Map.mapPawns.FreeColonists.Any(MechanitorUtility.IsMechanitor)) { Find.WindowStack.Add(new Dialog_MessageBox(""RecipeRequiresM",OK
Client/Syncing/Game/SyncDelegates.cs,42,SyncDelegate.Lambda,CompLongRangeMineralScanner,CompGetGizmosExtra,1,False,Select mineral to scan for,yes,RimWorld/CompLongRangeMineralScanner.cs,73,{ foreach (object selectedObject in Find.Selector.SelectedObjects) { if (selectedObject is Thing thing) { CompLongRangeMineralScanner compLongRangeMineralScanner = thing.TryGetComp<CompLongRangeMinera,OK
Client/Syncing/Game/SyncDelegates.cs,43,SyncDelegate.Lambda,Building_PassengerShuttle,GetGizmos,2,False,Fill shuttle from cargo on map,yes,RimWorld/Building_PassengerShuttle.cs,97,{ ConsumeFuelFromInventory(count); RefuelableComp.Refuel(count); },OK
Client/Syncing/Game/SyncDelegates.cs,44,SyncMethod.Lambda,CompFlickable,CompGetGizmosExtra,1,False,Toggle flick designation,yes,RimWorld/CompFlickable.cs,119,{ wantSwitchOn = !wantSwitchOn; FlickUtility.UpdateFlickDesignation(parent); },OK
Client/Syncing/Game/SyncDelegates.cs,45,SyncMethod.Lambda,Pawn_PlayerSettings,GetGizmos,1,False,Toggle release animals,yes,RimWorld/Pawn_PlayerSettings.cs,268,{ animalsReleased = !animalsReleased; if (animalsReleased) { foreach (Pawn item2 in PawnUtility.SpawnedMasteredPawns(pawn)) { if (item2.caller != null) { item2.caller.Notify_Released(); } item2.jobs.E,OK
Client/Syncing/Game/SyncDelegates.cs,46,SyncMethod.Lambda,Pawn_PlayerSettings,GetGizmos,2,False,Force animals to attack specific target,yes,RimWorld/Pawn_PlayerSettings.cs,300,"{ if (!target.Cell.InHorDistOf(pawn.Position, 25.9f)) { Messages.Message(""MessageNotInRangeOfMaster"".Translate(), MessageTypeDefOf.RejectInput, historical: false); } else { string failStr = null; bool",OK
Client/Syncing/Game/SyncDelegates.cs,47,SyncMethod.Lambda,Building_TurretGun,GetGizmos,2,False,Toggle turret hold fire,yes,RimWorld/Building_TurretGun.cs,651,{ holdFire = !holdFire; if (holdFire) { ResetForcedTarget(); } },OK
Client/Syncing/Game/SyncDelegates.cs,48,SyncMethod.Lambda,Building_Trap,GetGizmos,1,False,Toggle trap auto-rearm,yes,RimWorld/Building_Trap.cs,261,{ autoRearm = !autoRearm; },OK
Client/Syncing/Game/SyncDelegates.cs,49,SyncMethod.Lambda,Building_Door,GetGizmos,1,False,Toggle door hold open,yes,RimWorld/Building_Door.cs,578,{ holdOpenInt = !holdOpenInt; },OK
Client/Syncing/Game/SyncDelegates.cs,50,SyncMethod.Lambda,Zone_Growing,GetGizmos,1,False,Toggle zone allow sow,yes,RimWorld/Zone_Growing.cs,161,{ allowSow = !allowSow; },OK
Client/Syncing/Game/SyncDelegates.cs,51,SyncMethod.Lambda,Zone_Growing,GetGizmos,3,False,Toggle zone allow cut,yes,RimWorld/Zone_Growing.cs,172,{ allowCut = !allowCut; },OK
Client/Syncing/Game/SyncDelegates.cs,52,SyncMethod.Lambda,Zone_Fishing,GetGizmos,1,False,Toggle zone allow fishing,yes,RimWorld/Zone_Fishing.cs,338,{ allowed = !allowed; },OK
Client/Syncing/Game/SyncDelegates.cs,53,SyncDelegate.Lambda,ITab_Fishing,FillTab,0,False,Changes repeat mode fishing zone,yes,RimWorld/ITab_Fishing.cs,49,{ zone.targetCount = 1; zone.repeatCount = 100; zone.pauseWhenSatisfied = false; zone.unpauseAtCount = 50; zone.repeatMode = mode; zone.RecheckPausedDueToResourceCount(); },OK
Client/Syncing/Game/SyncDelegates.cs,55,SyncMethod.Lambda,PriorityWork,GetGizmos,0,False,Clear prioritized work,yes,Verse/PriorityWork.cs,86,{ ClearPrioritizedWorkAndJobQueue(); if (pawn.CurJob.playerForced && pawn.jobs.IsCurrentJobPlayerInterruptible()) { pawn.jobs.EndCurrentJob(JobCondition.InterruptForced); } },OK
Client/Syncing/Game/SyncDelegates.cs,56,SyncMethod.Lambda,Building_TurretGun,GetGizmos,1,False,Reset forced target,yes,RimWorld/Building_TurretGun.cs,629,{ ResetForcedTarget(); SoundDefOf.Tick_Low.PlayOneShotOnCamera(); },OK
Client/Syncing/Game/SyncDelegates.cs,57,SyncMethod.Lambda,UnfinishedThing,GetGizmos,0,False,Cancel unfinished thing,yes,Verse/UnfinishedThing.cs,183,{ Destroy(DestroyMode.Cancel); },OK
Client/Syncing/Game/SyncDelegates.cs,58,SyncMethod.Lambda,UnfinishedThing,GetGizmos,1,True,Dev complete,yes,Verse/UnfinishedThing.cs,192,{ debugCompleted = true; },OK
Client/Syncing/Game/SyncDelegates.cs,60,SyncDelegate.LambdaInGetter,Designator,RightClickFloatMenuOptions,0,False,Designate all,no,,,,NOT SCANNED (property getter/ctor) - manually checked OK
Client/Syncing/Game/SyncDelegates.cs,62,SyncMethod.LambdaInGetter,Designator,RightClickFloatMenuOptions,1,False,Remove all designations,no,,,,NOT SCANNED (property getter/ctor) - manually checked OK
Client/Syncing/Game/SyncDelegates.cs,64,SyncDelegate.Lambda,SettleInEmptyTileUtility,SetupCamp,0,False,,yes,RimWorld.Planet/SettleInEmptyTileUtility.cs,91,"{ LongEventHandler.QueueLongEvent(delegate { Map map = GetOrGenerateMapUtility.GetOrGenerateMap(caravan.Tile, WorldObjectDefOf.Camp.overrideMapSize ?? Find.World.info.initialMapSize, WorldObjectDefOf.",OK
Client/Syncing/Game/SyncDelegates.cs,66,SyncDelegate.Lambda,Caravan,GetRefuelGizmo,2,False,Fill shuttle from cargo on world map,yes,RimWorld.Planet/Caravan.cs,1018,"{ CaravanShuttleUtility.ConsumeFuelFromCaravanInventory(this, count); Shuttle.RefuelableComp.Refuel(count); }",OK
Client/Syncing/Game/SyncDelegates.cs,68,SyncDelegate.Lambda,CaravanAbandonOrBanishUtility,TryAbandonOrBanishViaInterface,1,False,Abandon caravan thing,yes,RimWorld.Planet/CaravanAbandonOrBanishUtility.cs,23,"{ Pawn ownerOf = CaravanInventoryUtility.GetOwnerOf(caravan, t); if (ownerOf == null) { Log.Error(""Could not find owner of "" + t); } else { t.Notify_AbandonedAtTile(caravan.GetTileCurrentlyOver()); ow",OK
Client/Syncing/Game/SyncDelegates.cs,69,SyncDelegate.Lambda,CaravanAbandonOrBanishUtility,TryAbandonOrBanishViaInterface,0,False,Abandon caravan transferable,yes,RimWorld.Planet/CaravanAbandonOrBanishUtility.cs,48,"{ for (int i = 0; i < t.things.Count; i++) { Thing thing = t.things[i]; Pawn ownerOf = CaravanInventoryUtility.GetOwnerOf(caravan, thing); if (ownerOf == null) { Log.Error(""Could not find owner of "" +",OK
Client/Syncing/Game/SyncDelegates.cs,71,SyncDelegate.Lambda,CaravanAbandonOrBanishUtility,TryAbandonSpecificCountViaInterface,0,False,Abandon thing specific count,yes,RimWorld.Planet/CaravanAbandonOrBanishUtility.cs,98,"{ int num = x; for (int i = 0; i < t.things.Count; i++) { if (num <= 0) { break; } Thing thing = t.things[i]; Pawn ownerOf = CaravanInventoryUtility.GetOwnerOf(caravan, thing); if (ownerOf == null) { ",OK
Client/Syncing/Game/SyncDelegates.cs,72,SyncDelegate.Lambda,CaravanAbandonOrBanishUtility,TryAbandonSpecificCountViaInterface,0,False,Abandon transferable specific count,yes,RimWorld.Planet/CaravanAbandonOrBanishUtility.cs,98,"{ int num = x; for (int i = 0; i < t.things.Count; i++) { if (num <= 0) { break; } Thing thing = t.things[i]; Pawn ownerOf = CaravanInventoryUtility.GetOwnerOf(caravan, thing); if (ownerOf == null) { ",OK
Client/Syncing/Game/SyncDelegates.cs,74,SyncDelegate.Lambda,CaravanVisitUtility,TradeCommand,0,False,Caravan trade with settlement,yes,RimWorld.Planet/CaravanVisitUtility.cs,38,"{ Settlement settlement = SettlementVisitedNow(caravan); if (settlement != null && settlement.CanTradeNow) { Find.WindowStack.Add(new Dialog_Trade(bestNegotiator, settlement)); PawnRelationUtility.Not",OK
Client/Syncing/Game/SyncDelegates.cs,75,SyncDelegate.Lambda,FactionGiftUtility,OfferGiftsCommand,0,False,Caravan offer gifts,yes,RimWorld.Planet/FactionGiftUtility.cs,21,"{ Pawn playerNegotiator = BestCaravanPawnUtility.FindBestNegotiator(caravan); Find.WindowStack.Add(new Dialog_Trade(playerNegotiator, settlement, giftsOnly: true)); }",OK
Client/Syncing/Game/SyncDelegates.cs,77,SyncDelegate.Lambda,Building_Bed,GetBedRestFloatMenuOption,0,False,Use medical bed,yes,RimWorld/Building_Bed.cs,610,"{ if (!ForPrisoners && Medical && myPawn.CanReserveAndReach(this, PathEndMode.ClosestTouch, Danger.Deadly, SleepingSlotsCount, -1, null, ignoreOtherReservations: true)) { if (myPawn.CurJobDef == JobDe",OK
Client/Syncing/Game/SyncDelegates.cs,79,SyncMethod.Lambda,CompRefuelable,CompGetGizmosExtra,1,False,Toggle Auto-refuel,yes,RimWorld/CompRefuelable.cs,363,{ allowAutoRefuel = !allowAutoRefuel; },OK
Client/Syncing/Game/SyncDelegates.cs,80,SyncMethod.Lambda,CompRefuelable,CompGetGizmosExtra,2,True,Set fuel to 0,yes,RimWorld/CompRefuelable.cs,380,"{ fuel = 0f; parent.BroadcastCompSignal(""Refueled""); }",OK
Client/Syncing/Game/SyncDelegates.cs,81,SyncMethod.Lambda,CompRefuelable,CompGetGizmosExtra,3,True,Set fuel to 0.1,yes,RimWorld/CompRefuelable.cs,388,"{ fuel = 0.1f; parent.BroadcastCompSignal(""Refueled""); }",OK
Client/Syncing/Game/SyncDelegates.cs,82,SyncMethod.Lambda,CompRefuelable,CompGetGizmosExtra,4,True,-20% fuel,yes,RimWorld/CompRefuelable.cs,396,{ ConsumeFuel(Props.fuelCapacity * 0.2f); },OK
Client/Syncing/Game/SyncDelegates.cs,83,SyncMethod.Lambda,CompRefuelable,CompGetGizmosExtra,5,True,Set fuel to max,yes,RimWorld/CompRefuelable.cs,403,"{ fuel = Props.fuelCapacity; parent.BroadcastCompSignal(""Refueled""); }",OK
Client/Syncing/Game/SyncDelegates.cs,85,SyncMethod.Lambda,CompShuttle,CompGetGizmosExtra,1,False,Toggle autoload,yes,RimWorld/CompShuttle.cs,387,{ autoload = !autoload; if (autoload && !Transporter.LoadingInProgressOrReadyToLaunch) { TransporterUtility.InitiateLoading(Gen.YieldSingle(Transporter)); } CheckAutoload(); },OK
Client/Syncing/Game/SyncDelegates.cs,89,SyncMethod.Lambda,MonumentMarker,GetGizmos,1,False,Build monument quest - monument marker: cancel/remove marker,yes,RimWorld/MonumentMarker.cs,250,"{ QuestUtility.SendQuestTargetSignals(questTags, ""MonumentCancelled"", this.Named(""SUBJECT"")); RemovePossiblyRelatedBlueprints(); this.Uninstall(); }",OK
Client/Syncing/Game/SyncDelegates.cs,90,SyncMethod.Lambda,MonumentMarker,GetGizmos,4,True,Build monument quest - monument marker: dev build all,yes,RimWorld/MonumentMarker.cs,316,{ DebugBuildAll(); SoundDefOf.Click.PlayOneShotOnCamera(); },OK
Client/Syncing/Game/SyncDelegates.cs,91,SyncMethod.Lambda,MonumentMarker,GetGizmos,5,True,Build monument quest - monument marker: dev disallowed building ticks +6 hours,yes,RimWorld/MonumentMarker.cs,327,{ ticksSinceDisallowedBuilding += 15000; },OK
Client/Syncing/Game/SyncDelegates.cs,93,SyncDelegate.Lambda,CompPlantable,BeginTargeting,3,False,Select cell to plant in with confirmation,yes,RimWorld/CompPlantable.cs,65,{ plantCells.Add(t.Cell); },OK
Client/Syncing/Game/SyncDelegates.cs,94,SyncMethod.Lambda,CompPlantable,CompGetGizmosExtra,0,False,Cancel planting all,yes,RimWorld/CompPlantable.cs,39,{ plantCells.Clear(); },OK
Client/Syncing/Game/SyncDelegates.cs,96,SyncMethod.Lambda,Pawn_ConnectionsTracker,GetGizmos,3,False,Return to healing pod,yes,RimWorld/Pawn_ConnectionsTracker.cs,102,{ pawn.mindState.returnToHealingPod = !pawn.mindState.returnToHealingPod; },OK
Client/Syncing/Game/SyncDelegates.cs,97,SyncMethod.Lambda,CompTreeConnection,CompGetGizmosExtra,1,True,Spawn dryad,yes,RimWorld/CompTreeConnection.cs,491,{ SpawnDryad(); },OK
Client/Syncing/Game/SyncDelegates.cs,98,SyncMethod.Lambda,CompTreeConnection,CompGetGizmosExtra,2,True,Increase connection strength by 10%,yes,RimWorld/CompTreeConnection.cs,498,{ ConnectionStrength -= 0.1f; },OK (comment label swapped; all siblings registered)
Client/Syncing/Game/SyncDelegates.cs,99,SyncMethod.Lambda,CompTreeConnection,CompGetGizmosExtra,3,True,Decrease connection strength by 10%,yes,RimWorld/CompTreeConnection.cs,505,{ ConnectionStrength += 0.1f; },OK (comment label swapped; all siblings registered)
Client/Syncing/Game/SyncDelegates.cs,101,SyncMethod.Lambda,CompNeuralSupercharger,CompGetGizmosExtra,1,False,Neural supercharger: allow temporary pawns (guests) to use,yes,RimWorld/CompNeuralSupercharger.cs,159,{ allowGuests = !allowGuests; },OK
Client/Syncing/Game/SyncDelegates.cs,103,SyncMethod.Lambda,CompPilotConsole,CompGetGizmosExtra,1,True,Dev launch instantly,yes,RimWorld/CompPilotConsole.cs,229,"{ engine.launchInfo = new LaunchInfo { quality = 1f, doNegativeOutcome = false }; StartChoosingDestination_NewTemp(); }",OK
Client/Syncing/Game/SyncDelegates.cs,104,SyncMethod.Lambda,CompPilotConsole,CompGetGizmosExtra,2,True,Dev reset cooldown,yes,RimWorld/CompPilotConsole.cs,244,{ engine.cooldownCompleteTick = -1; },OK
Client/Syncing/Game/SyncDelegates.cs,105,SyncDelegate.Lambda,CompPilotConsole,StartChoosingDestination_NewTemp,4,False,Cancel gravship tile picker,yes,RimWorld/CompPilotConsole.cs,200,"{ CameraJumper.TryJump(parent, CameraJumper.MovementMode.Cut); }",OK
Client/Syncing/Game/SyncDelegates.cs,106,SyncDelegate.Lambda,CompPilotConsole,StartChoosingDestination_NewTemp,5,False,Confirm gravship landing tile,yes,RimWorld/CompPilotConsole.cs,120,"{ WorldComponent_GravshipController.DestroyTreesAroundSubstructure(engine.Map, engine.ValidSubstructure); Find.World.renderer.wantedMode = WorldRenderMode.None; engine.ConsumeFuel(tile); Find.Gravship",OK
Client/Syncing/Game/SyncDelegates.cs,107,SyncDelegate.Lambda,RitualOutcomeEffectWorker_GravshipLaunch,Apply,0,False,Confirm gravship prelaunch dialog,yes,RimWorld/RitualOutcomeEffectWorker_GravshipLaunch.cs,41,{ consoleComp.StartChoosingDestination_NewTemp(); },OK
Client/Syncing/Game/SyncDelegates.cs,108,SyncDelegate.Lambda,GravshipUtility,PreLaunchConfirmation,4,False,Cancel gravship prelaunch dialog,yes,RimWorld/GravshipUtility.cs,345,{ },OK
Client/Syncing/Game/SyncDelegates.cs,111,SyncMethod.Lambda,CompBiosculpterPod,CompGetGizmosExtra,1,False,Interrupt cycle (eject contents),yes,RimWorld/CompBiosculpterPod.cs,523,"{ EjectContents(interrupted: true, playSounds: true); }",OK
Client/Syncing/Game/SyncDelegates.cs,112,SyncMethod.Lambda,CompBiosculpterPod,CompGetGizmosExtra,3,False,Toggle auto load nutrition,yes,RimWorld/CompBiosculpterPod.cs,535,{ autoLoadNutrition = !autoLoadNutrition; },OK
Client/Syncing/Game/SyncDelegates.cs,113,SyncMethod.Lambda,CompBiosculpterPod,CompGetGizmosExtra,5,False,Toggle auto age reversal,yes,RimWorld/CompBiosculpterPod.cs,548,{ autoAgeReversal = !autoAgeReversal; },OK
Client/Syncing/Game/SyncDelegates.cs,114,SyncMethod.Lambda,CompBiosculpterPod,CompGetGizmosExtra,6,True,Dev complete cycle,yes,RimWorld/CompBiosculpterPod.cs,573,{ currentCycleTicksRemaining = 10f; },OK
Client/Syncing/Game/SyncDelegates.cs,115,SyncMethod.Lambda,CompBiosculpterPod,CompGetGizmosExtra,7,True,Dev advance by 1 day,yes,RimWorld/CompBiosculpterPod.cs,582,{ currentCycleTicksRemaining -= 60000f; },OK
Client/Syncing/Game/SyncDelegates.cs,116,SyncMethod.Lambda,CompBiosculpterPod,CompGetGizmosExtra,8,True,Dev complete biotuner timer,yes,RimWorld/CompBiosculpterPod.cs,591,{ biotunedCountdownTicks = 10; },OK
Client/Syncing/Game/SyncDelegates.cs,117,SyncMethod.Lambda,CompBiosculpterPod,CompGetGizmosExtra,9,True,Dev fill nutrition and ingredients,yes,RimWorld/CompBiosculpterPod.cs,600,{ liquifiedNutrition = 5f; devFillPodLatch = true; },OK
Client/Syncing/Game/SyncDelegates.cs,119,SyncDelegate.Lambda,ITab_Pawn_Visitor,DoPrisonerTab,5,False,Select target prisoner ideology,yes,RimWorld/ITab_Pawn_Visitor.cs,322,{ SelPawn.guest.ideoForConversion = newIdeo; },OK
Client/Syncing/Game/SyncDelegates.cs,120,SyncDelegate.Lambda,ITab_Pawn_Visitor,DoSlaveTab,6,False,Cancel setting slave mode to execution,yes,RimWorld/ITab_Pawn_Visitor.cs,163,{ SelPawn.guest.slaveInteractionMode = currentSlaveIteractionMode; },OK
Client/Syncing/Game/SyncDelegates.cs,122,SyncMethod.Lambda,ShipJob_Wait,GetJobGizmos,0,False,Dismiss (unload) shuttle,yes,RimWorld/ShipJob_Wait.cs,46,{ transportShip.ForceJob(ShipJobDefOf.Unload); transportShip.AddJob(ShipJobDefOf.FlyAway); },OK
Client/Syncing/Game/SyncDelegates.cs,123,SyncMethod.Lambda,ShipJob_Wait,GetJobGizmos,1,False,Send loaded shuttle,yes,RimWorld/ShipJob_Wait.cs,60,{ transportShip.ForceJob(ShipJobDefOf.FlyAway); },OK
Client/Syncing/Game/SyncDelegates.cs,125,SyncMethod.Lambda,Building_PodLauncher,GetGizmos,0,False,Pod launcher gizmo: Build pod,yes,RimWorld/Building_PodLauncher.cs,29,"{ IntVec3 fuelingPortCell = FuelingPortUtility.GetFuelingPortCell(this); GenConstruct.PlaceBlueprintForBuild(ThingDefOf.TransportPod, fuelingPortCell, base.Map, ThingDefOf.TransportPod.defaultPlacingR",OK
Client/Syncing/Game/SyncDelegates.cs,128,SyncMethod.Lambda,Pawn_CarryTracker,GetGizmos,0,False,,yes,Verse/Pawn_CarryTracker.cs,198,"{ pawn.carryTracker.TryDropCarriedThing(pawn.Position, ThingPlaceMode.Near, out var _); }",OK
Client/Syncing/Game/SyncDelegates.cs,130,SyncDelegate.Lambda,Pawn_CarryTracker,GetGizmos,1,True,Trigger dissolution event (CompDissolution),yes,Verse/Pawn_CarryTracker.cs,214,{ compDissolution.TriggerDissolutionEvent(); },OK
Client/Syncing/Game/SyncDelegates.cs,133,SyncMethod.Lambda,CompSpawner,CompGetGizmosExtra,0,True,Spawn thing,yes,RimWorld/CompSpawner.cs,173,{ ResetCountdown(); TryDoSpawn(); },OK
Client/Syncing/Game/SyncDelegates.cs,134,SyncMethod.Lambda,CompSpawnerHives,CompGetGizmosExtra,0,True,Reproduce,yes,RimWorld/CompSpawnerHives.cs,202,"{ TrySpawnChildHive(ignoreRoofedRequirement: false, out var _); }",OK
Client/Syncing/Game/SyncDelegates.cs,135,SyncMethod.Lambda,CompSpawnerItems,CompGetGizmosExtra,0,True,Spawn items,yes,RimWorld/CompSpawnerItems.cs,19,{ SpawnItems(); },OK
Client/Syncing/Game/SyncDelegates.cs,136,SyncMethod.Lambda,CompSpawnerPawn,CompGetGizmosExtra,0,True,Spawn pawn,yes,RimWorld/CompSpawnerPawn.cs,315,{ TrySpawnPawn(out var _); },OK
Client/Syncing/Game/SyncDelegates.cs,138,SyncMethod.Lambda,CompSendSignalOnCountdown,CompGetGizmosExtra,0,True,,yes,RimWorld/CompSendSignalOnCountdown.cs,36,"{ Find.SignalManager.SendSignal(new Signal(signalTag, parent.Named(""SUBJECT""))); SoundDefOf.MechanoidsWakeUp.PlayOneShot(new TargetInfo(parent.Position, parent.Map)); ticksLeft = 0; }",OK
Client/Syncing/Game/SyncDelegates.cs,141,SyncMethod.Lambda,CompRechargeable,CompGetGizmosExtra,0,True,Recharge,yes,RimWorld/CompRechargeable.cs,90,"{ if (Props.chargedSoundDef != null) { Props.chargedSoundDef.PlayOneShot(new TargetInfo(parent.Position, parent.Map)); } ticksUntilCharged = 0; }",OK
Client/Syncing/Game/SyncDelegates.cs,145,SyncDelegate.Lambda,Ability,QueueCastingJob,0,False,,yes,RimWorld/Ability.cs,646,{ if (!pawn.IsCaravanMember()) { Job job = JobMaker.MakeJob(def.jobDef ?? JobDefOf.CastAbilityOnWorldTile); job.verbToUse = verb; job.globalTarget = target; job.ability = this; needToRecacheWarmupMote,OK
Client/Syncing/Game/SyncDelegates.cs,146,SyncDelegate.Lambda,Ability,QueueCastingJob,0,False,,yes,RimWorld/Ability.cs,646,{ if (!pawn.IsCaravanMember()) { Job job = JobMaker.MakeJob(def.jobDef ?? JobDefOf.CastAbilityOnWorldTile); job.verbToUse = verb; job.globalTarget = target; job.ability = this; needToRecacheWarmupMote,OK
Client/Syncing/Game/SyncDelegates.cs,148,SyncMethod.Lambda,Ability,GetGizmos,0,True,Reset cooldown,yes,RimWorld/Ability.cs,1059,{ inCooldown = false; charges = maxCharges; },OK
Client/Syncing/Game/SyncDelegates.cs,151,SyncDelegate.Lambda,Dialog_StyleSelection,DoWindowContents,0,False,Remove style,yes,RimWorld/Dialog_StyleSelection.cs,68,{ Find.IdeoManager.selectedStyleCategories.Remove(cat); ClearCaches(); },OK
Client/Syncing/Game/SyncDelegates.cs,152,SyncDelegate.Lambda,Dialog_StyleSelection,DoWindowContents,1,False,Replace style,yes,RimWorld/Dialog_StyleSelection.cs,61,"{ Find.IdeoManager.selectedStyleCategories.Replace(cat, category); ClearCaches(); }",OK
Client/Syncing/Game/SyncDelegates.cs,153,SyncDelegate.Lambda,Dialog_StyleSelection,DoWindowContents,2,False,Add style,yes,RimWorld/Dialog_StyleSelection.cs,93,{ Find.IdeoManager.selectedStyleCategories.Add(cat2); ClearCaches(); },OK
Client/Syncing/Game/SyncDelegates.cs,155,SyncDelegate.Lambda,CompInteractableRocketswarmLauncher,TargetLocation,0,False,,yes,RimWorld/CompInteractableRocketswarmLauncher.cs,32,"{ if (ParentGun.ForcedTarget.IsValid) { Job job = JobMaker.MakeJob(JobDefOf.InteractThing, parent); caster.jobs.TryTakeOrderedJob(job, JobTag.Misc); } }",OK
Client/Syncing/Game/SyncDelegates.cs,156,SyncDelegate.Lambda,CompAtomizer,CompGetGizmosExtra,3,True,Set next atomization,yes,RimWorld/CompAtomizer.cs,113,{ ticksAtomized = TicksPerAtomize - ticks; },OK
Client/Syncing/Game/SyncDelegates.cs,157,SyncDelegate.Lambda,CompBandNode,CompGetGizmosExtra,7,False,Select pawn to tune to,yes,RimWorld/CompBandNode.cs,122,{ foreach (CompBandNode item2 in bandNodes) { item2.TuneTo(localPawn); } },OK
Client/Syncing/Game/SyncDelegates.cs,158,SyncDelegate.Lambda,CompDissolution,CompGetGizmosExtra,4,True,Set next dissolve time,yes,RimWorld/CompDissolution.cs,227,{ dissolveTicks = DissolutionIntervalTicks - ticks; },OK
Client/Syncing/Game/SyncDelegates.cs,159,SyncDelegate.Lambda,CompPollutionPump,CompGetGizmosExtra,1,True,Set next pollution cycle,yes,RimWorld/CompPollutionPump.cs,120,{ ticksUntilPump = ticks; },OK
Client/Syncing/Game/SyncDelegates.cs,160,SyncDelegate.Lambda,CompToxifier,CompGetGizmosExtra,3,True,Set next pollution time,yes,RimWorld/CompToxifier.cs,161,{ pollutingProgressTicks = Props.pollutionIntervalTicks - ticks; },OK
Client/Syncing/Game/SyncDelegates.cs,161,SyncDelegate.Lambda,Gene_Deathrest,GetGizmos,5,True,Set capacity,yes,RimWorld/Gene_Deathrest.cs,560,"{ OffsetCapacity(newCap - deathrestCapacity, sendNotification: false); }",OK
Client/Syncing/Game/SyncDelegates.cs,164,SyncDelegate.Lambda,MechanitorUtility,GetMechGizmos,2,True,Recruit,yes,MechanitorUtility.cs,327,{ mech.SetFaction(Faction.OfPlayer); },OK
Client/Syncing/Game/SyncDelegates.cs,165,SyncDelegate.Lambda,MechanitorUtility,GetMechGizmos,3,True,Kill,yes,MechanitorUtility.cs,335,"{ mech.Kill(null, null); }",OK
Client/Syncing/Game/SyncDelegates.cs,167,SyncDelegate.Lambda,Designator_MechControlGroup,ProcessInput,1,False,Assign to group,yes,RimWorld/Designator_MechControlGroup.cs,123,"{ foreach (Pawn selectedPawn in Find.Selector.SelectedPawns) { if (CanAssignToControlGroup(selectedPawn, selected)) { selected.Assign(selectedPawn); } } }",OK
Client/Syncing/Game/SyncDelegates.cs,168,SyncDelegate.Lambda,MechanitorControlGroupGizmo,GetWorkModeOptions,1,False,Set work mode for group,yes,RimWorld/MechanitorControlGroupGizmo.cs,65,{ controlGroup.SetWorkMode(wm); },OK
Client/Syncing/Game/SyncDelegates.cs,169,SyncDelegate.Lambda,PawnColumnWorker_ControlGroup,Button_GenerateMenu,0,False,Assign to group,yes,RimWorld/PawnColumnWorker_ControlGroup.cs,47,{ localControlGroup.Assign(pawn); },OK
Client/Syncing/Game/SyncDelegates.cs,170,SyncDelegate.Lambda,MainTabWindow_Mechs,DoWindowContents,0,False,Change mech color,yes,RimWorld/MainTabWindow_Mechs.cs,43,{ Find.FactionManager.OfPlayer.AllegianceColor = color; foreach (Pawn item in MechanitorUtility.MechsInPlayerFaction()) { PortraitsCache.SetDirty(item); } },OK
Client/Syncing/Game/SyncDelegates.cs,176,SyncDelegate.Lambda,CompOverseerSubject,CompGetGizmosExtra,2,True,Assign to overseer,yes,RimWorld/CompOverseerSubject.cs,235,"{ foreach (Pawn item2 in Find.Selector.SelectedPawns.Where((Pawn p) => p.RaceProps.IsMechanoid)) { item2.GetOverseer()?.relations.RemoveDirectRelation(PawnRelationDefOf.Overseer, item2); item2.SetFact",OK
Client/Syncing/Game/SyncDelegates.cs,182,SyncDelegate.Lambda,CompGlower,CompGetGizmosExtra,2,False,Paste color,yes,Verse/CompGlower.cs,297,"{ try { SoundDefOf.Tick_High.PlayOneShotOnCamera(); ColorInt glowColor = GlowColor; glowColor.SetHueSaturation(hue, sat); GlowColor = glowColor; foreach (CompGlower item3 in extraGlowers) { glowColor ",OK
Client/Syncing/Game/SyncDelegates.cs,183,SyncDelegate.Lambda,CompGlower,CompGetGizmosExtra,3,False,Toggle darklight,yes,Verse/CompGlower.cs,331,{ SoundDefOf.Tick_High.PlayOneShotOnCamera(); if (darklight) { SetGlowColorInternal(null); } else { GlowColor = new ColorInt(DarklightUtility.DefaultDarklight); } foreach (CompGlower item4 in ExtraSel,OK
Client/Syncing/Game/SyncDelegates.cs,186,SyncDelegate.Lambda,StorageGroupUtility,StorageGroupMemberGizmos,2,False,Unlink,yes,RimWorld/StorageGroupUtility.cs,101,{ if (member.Group != null) { StorageSettings storeSettings = member.Group.GetStoreSettings(); member.Group.RemoveMember(member); member.Group = null; if (member is Building_Storage building_Storage2),OK
Client/Syncing/Game/SyncDelegates.cs,187,SyncDelegate.Lambda,StorageGroupUtility,StorageGroupMemberGizmos,0,False,Link,yes,RimWorld/StorageGroupUtility.cs,54,{ bool num = tmpMembers[0].Group != null; StorageGroup storageGroup2 = tmpMembers[0].Group ?? member.Map.storageGroups.NewGroup(); if (!num) { storageGroup2.InitFrom(tmpMembers[0]); } foreach (IStorag,OK
Client/Syncing/Game/SyncDelegates.cs,197,SyncMethod.Lambda,HumanEmbryo,GetGizmos,2,False,Cancel,yes,RimWorld/HumanEmbryo.cs,101,{ ImplantPawnValid(cancel: true); ImplantVatValid(cancel: true); implantTarget = null; },OK
Client/Syncing/Game/SyncDelegates.cs,198,SyncDelegate.Lambda,HumanEmbryo,CanImplantFloatOption,1,False,Order operation and set the implant target field,yes,RimWorld/HumanEmbryo.cs,207,"{ HealthCardUtility.CreateSurgeryBill(pawn, RecipeDefOf.ImplantEmbryo, null, new List<Thing> { this }); implantTarget = pawn; }",OK
Client/Syncing/Game/SyncDelegates.cs,199,SyncMethod.Lambda,HumanOvum,GetGizmos,1,False,Cancel,yes,RimWorld/HumanOvum.cs,65,{ fertilizingMan.jobs.EndCurrentJob(JobCondition.InterruptForced); },OK
Client/Syncing/Game/SyncDelegates.cs,202,SyncDelegate.Lambda,Xenogerm,SetTargetPawn,1,False,Select the target - sets up operation (which was synced) and some extra data (which wasn't),yes,RimWorld/Xenogerm.cs,80,"{ Bill bill = targetPawn?.BillStack?.Bills?.FirstOrDefault((Bill x) => x.xenogerm == this); if (bill != null) { targetPawn.BillStack.Delete(bill); } HealthCardUtility.CreateSurgeryBill(newTarget, Reci",OK
Client/Syncing/Game/SyncDelegates.cs,203,SyncMethod.Lambda,Xenogerm,GetGizmos,2,False,,yes,RimWorld/Xenogerm.cs,228,{ Bill bill = targetPawn.BillStack?.Bills.FirstOrDefault((Bill x) => x.xenogerm == this); if (bill != null) { targetPawn.BillStack.Delete(bill); } },OK
Client/Syncing/Game/SyncDelegates.cs,208,SyncDelegate.Lambda,Building_GeneExtractor,SelectPawn,0,False,,yes,RimWorld/Building_GeneExtractor.cs,313,{ base.SelectPawn(pawn); },OK
Client/Syncing/Game/SyncDelegates.cs,212,SyncDelegate.Lambda,Dialog_CreateXenogerm,DrawGenepack,8,False,Eject from container,yes,RimWorld/Dialog_CreateXenogerm.cs,247,{ CompGenepackContainer geneBankHoldingPack = geneAssembler.GetGeneBankHoldingPack(genepack); if (geneBankHoldingPack != null) { ThingWithComps parent = geneBankHoldingPack.parent; if (geneBankHolding,OK
Client/Syncing/Game/SyncDelegates.cs,214,SyncDelegate.Lambda,Pawn,GetGizmos,5,True,Set growth tier,yes,Verse/Pawn.cs,3431,{ ageTracker.growthPoints = GrowthUtility.GrowthTiers[tier].pointsRequirement; },OK
Client/Syncing/Game/SyncDelegates.cs,217,SyncDelegate.Lambda,Building_HoldingPlatform,GetGizmos,1,True,Set escape tick,yes,RimWorld/Building_HoldingPlatform.cs,572,{ debugEscapeTick = Find.TickManager.TicksGame + delay; },OK
Client/Syncing/Game/SyncDelegates.cs,218,SyncMethod.Lambda,CompActivity,CompGetGizmosExtra,0,True,Dev activity -5%,yes,RimWorld/CompActivity.cs,106,{ AdjustActivity(-0.05f); },OK
Client/Syncing/Game/SyncDelegates.cs,219,SyncMethod.Lambda,CompActivity,CompGetGizmosExtra,1,True,Dev activity +5%,yes,RimWorld/CompActivity.cs,114,{ AdjustActivity(0.05f); },OK
Client/Syncing/Game/SyncDelegates.cs,220,SyncMethod.Lambda,CompActivity,CompGetGizmosExtra,2,True,Dev go active/go passive,yes,RimWorld/CompActivity.cs,122,{ activityLevelPercent = (IsDormant ? 1f : 0f); },OK
Client/Syncing/Game/SyncDelegates.cs,221,SyncMethod.Lambda,CompStudiable,CompGetGizmosExtra,1,False,Toggle study,yes,RimWorld/CompStudiable.cs,367,{ SetStudyEnabled(!studyEnabled); },OK
Client/Syncing/Game/SyncDelegates.cs,222,SyncMethod.Lambda,CompStudiable,CompGetGizmosExtra,2,True,End study cooldown,yes,RimWorld/CompStudiable.cs,388,{ lastStudiedTick = Find.TickManager.TicksGame - Props.frequencyTicks; },OK
Client/Syncing/Game/SyncDelegates.cs,223,SyncMethod.Lambda,CompStudiable,CompGetGizmosExtra,3,True,Complete study,yes,RimWorld/CompStudiable.cs,400,"{ int num = 100; while (!Completed && num > 0) { Study(parent.Map?.mapPawns?.FreeColonists?.RandomElement(), float.MaxValue); num--; } }",OK
Client/Syncing/Game/SyncDelegates.cs,224,SyncMethod.Lambda,CompStudyUnlocks,CompGetGizmosExtra,0,True,Advance study,yes,RimWorld/CompStudyUnlocks.cs,86,"{ RegisterStudyLevel(parent.MapHeld.mapPawns.FreeColonists.RandomElement(), nextIndex); }",OK
Client/Syncing/Game/SyncDelegates.cs,225,SyncMethod.Lambda,CompHoldingPlatformTarget,CompGetGizmosExtra,0,False,Cancel capture,yes,RimWorld/CompHoldingPlatformTarget.cs,346,{ targetHolder = null; },OK
Client/Syncing/Game/SyncDelegates.cs,226,SyncMethod.Lambda,CompHoldingPlatformTarget,CompGetGizmosExtra,2,False,Cancel transfer,yes,RimWorld/CompHoldingPlatformTarget.cs,378,{ targetHolder = null; },OK
Client/Syncing/Game/SyncDelegates.cs,227,SyncMethod.Lambda,CompHoldingPlatformTarget,CompGetGizmosExtra,4,True,Dev escape,yes,RimWorld/CompHoldingPlatformTarget.cs,404,{ Escape(initiator: true); },OK
Client/Syncing/Game/SyncDelegates.cs,228,SyncMethod.Lambda,CompHoldingPlatformTarget,CompGetGizmosExtra,5,True,Dev kill,yes,RimWorld/CompHoldingPlatformTarget.cs,412,{ parent.Kill(); },OK
Client/Syncing/Game/SyncDelegates.cs,229,SyncDelegate.Lambda,StudyUtility,TargetHoldingPlatformForEntity,2,False,Capture/transfer,yes,RimWorld/StudyUtility.cs,15,"{ if (carrier != null && !CanReserveForTransfer(t)) { Messages.Message(""MessageHolderReserved"".Translate(t.Thing.Label), MessageTypeDefOf.RejectInput); } else { foreach (Thing item in Find.CurrentMap.",OK
Client/Syncing/Game/SyncDelegates.cs,233,SyncMethod.Lambda,CompFleshmassHeart,CompGetGizmosExtra,0,True,Add 100 growth points,yes,RimWorld/CompFleshmassHeart.cs,306,{ growthPoints += 100; },OK
Client/Syncing/Game/SyncDelegates.cs,234,SyncMethod.Lambda,CompFleshmassHeart,CompGetGizmosExtra,1,True,Add 200 fleshbeast points,yes,RimWorld/CompFleshmassHeart.cs,315,{ fleshbeastPoints += 200f; },OK
Client/Syncing/Game/SyncDelegates.cs,235,SyncMethod.Lambda,CompFleshmassHeart,CompGetGizmosExtra,2,True,Do Tachycardiac Overload,yes,RimWorld/CompFleshmassHeart.cs,324,{ (parent as Building_FleshmassHeart)?.StartTachycardiacOverload(); },OK
Client/Syncing/Game/SyncDelegates.cs,236,SyncDelegate.Lambda,CompFleshmassNucleus,CompGetGizmosExtra,1,True,Create meat,yes,RimWorld/CompFleshmassNucleus.cs,99,{ debugNextMeatTick = GenTicks.TicksGame + ticks; },OK
Client/Syncing/Game/SyncDelegates.cs,237,SyncDelegate.Lambda,CompFleshmassNucleus,CompGetGizmosExtra,3,True,Go active,yes,RimWorld/CompFleshmassNucleus.cs,116,{ debugActiveTick = GenTicks.TicksGame + ticks; },OK
Client/Syncing/Game/SyncDelegates.cs,238,SyncMethod.Lambda,CompFleshmassSpitter,CompGetGizmosExtra,0,True,Remove spit cooldown,yes,RimWorld/CompFleshmassSpitter.cs,94,{ lastSpitTick = -999999; nextSpitDelay = -999999; },OK
Client/Syncing/Game/SyncDelegates.cs,241,SyncDelegate.Lambda,Caravan,GetGizmos,18,True,Trigger random dissolution event (CompDissolution),yes,RimWorld.Planet/Caravan.cs,969,{ allDissolvingThings.RandomElement().TryGetComp<CompDissolution>().TriggerDissolutionEvent(); },OK
Client/Syncing/Game/SyncDelegates.cs,242,SyncDelegate.Lambda,GroundSpawner,GetGizmos,1,True,Set spawn delay,yes,RimWorld/GroundSpawner.cs,135,{ secondarySpawnTick = Find.TickManager.TicksGame + ticks; },OK
Client/Syncing/Game/SyncDelegates.cs,243,SyncDelegate.Lambda,GeneResourceDrainUtility,GetResourceDrainGizmos,0,True,-10% resource,yes,RimWorld/GeneResourceDrainUtility.cs,45,"{ OffsetResource(drain, -0.1f); }",OK
Client/Syncing/Game/SyncDelegates.cs,244,SyncDelegate.Lambda,GeneResourceDrainUtility,GetResourceDrainGizmos,1,True,+10% resource,yes,RimWorld/GeneResourceDrainUtility.cs,52,"{ OffsetResource(drain, 0.1f); }",OK
Client/Syncing/Game/SyncDelegates.cs,246,SyncDelegate.Lambda,CompCanBeDormant,CompGetGizmosExtra,1,True,Wake up after delay,yes,RimWorld/CompCanBeDormant.cs,108,{ wakeUpOnTick = Find.TickManager.TicksGame + delayTicks; },OK
Client/Syncing/Game/SyncDelegates.cs,247,SyncDelegate.Lambda,Tile,GetGizmos,0,True,Generate settlement,yes,RimWorld.Planet/Tile.cs,303,{ LongEventHandler.QueueLongEvent(delegate { MapParent mapParent = (MapParent)WorldObjectMaker.MakeWorldObject(Find.WorldSelector.SelectedTile.LayerDef.SettlementWorldObjectDef); mapParent.Tile = Find,OK
Client/Syncing/Game/SyncDelegates.cs,248,SyncDelegate.Lambda,Tile,GetGizmos,4,True,Generate map,yes,RimWorld.Planet/Tile.cs,332,{ LongEventHandler.QueueLongEvent(delegate { MapParent mapParent = (MapParent)WorldObjectMaker.MakeWorldObject(local); mapParent.Tile = tile; mapParent.SetFaction(Faction.OfPlayer); Find.WorldObjects.,OK
Client/Syncing/Game/SyncDelegates.cs,253,SyncDelegate.Lambda,Hediff_DeathRefusal,GetGizmos,2,False,Self resurrect,yes,Verse/Hediff_DeathRefusal.cs,101,{ if (resurrectTimer.Finished) { Use(); cmdSelfResurrect.UpdateUsesLeft(); } },OK
Client/Syncing/Game/SyncDelegates.cs,255,SyncMethod.Lambda,Hediff_Labor,GetGizmos,0,True,Force progress to labor pushing,yes,Verse/Hediff_Labor.cs,87,{ pawn.health.RemoveHediff(this); },OK
Client/Syncing/Game/SyncDelegates.cs,256,SyncMethod.Lambda,Hediff_LaborPushing,GetGizmos,0,True,Force stillborn,yes,Verse/Hediff_LaborPushing.cs,38,{ ForceBirth(-1); },OK
Client/Syncing/Game/SyncDelegates.cs,257,SyncMethod.Lambda,Hediff_LaborPushing,GetGizmos,1,True,Force infant illness,yes,Verse/Hediff_LaborPushing.cs,45,{ ForceBirth(0); },OK
Client/Syncing/Game/SyncDelegates.cs,258,SyncMethod.Lambda,Hediff_LaborPushing,GetGizmos,2,True,Force healthy,yes,Verse/Hediff_LaborPushing.cs,52,{ ForceBirth(1); },OK
Client/Syncing/Game/SyncDelegates.cs,259,SyncMethod.Lambda,Hediff_LaborPushing,GetGizmos,3,True,Force end,yes,Verse/Hediff_LaborPushing.cs,59,{ pawn.health.RemoveHediff(this); },OK
Client/Syncing/Game/SyncDelegates.cs,260,SyncMethod.Lambda,Hediff_Pregnant,GetGizmos,0,True,Next trimester,yes,Verse/Hediff_Pregnant.cs,278,{ HediffStage hediffStage = def.stages[CurStageIndex + 1]; severityInt = hediffStage.minSeverity; },OK
Client/Syncing/Game/SyncDelegates.cs,261,SyncMethod.Lambda,Hediff_Pregnant,GetGizmos,1,True,Start labor,yes,Verse/Hediff_Pregnant.cs,289,{ StartLabor(); pawn.health.RemoveHediff(this); },OK
Client/Syncing/Game/SyncDelegates.cs,262,SyncDelegate.Lambda,Hediff_MetalhorrorImplant,GetGizmos,0,True,Emerge,yes,Verse/Hediff_MetalhorrorImplant.cs,261,"{ Emerge(""MetalhorrorReasonRandom"".Translate(pawn.Named(""INFECTED""))); }",OK
Client/Syncing/Game/SyncDelegates.cs,263,SyncDelegate.Lambda,Hediff_MetalhorrorImplant,GetGizmos,1,True,Mark for flesh drop,yes,Verse/Hediff_MetalhorrorImplant.cs,271,{ filthTimer = 0; },OK
Client/Syncing/Game/SyncDelegates.cs,264,SyncDelegate.Lambda,Hediff_MetalhorrorImplant,GetGizmos,2,True,Discover next interaction,yes,Verse/Hediff_MetalhorrorImplant.cs,282,{ debugDiscoverNextInteraction = true; },OK
Client/Syncing/Game/SyncDelegates.cs,265,SyncDelegate.Lambda,Hediff_MetalhorrorImplant,GetGizmos,3,True,Increase lifestage,yes,Verse/Hediff_MetalhorrorImplant.cs,299,{ if (hours < 24) { ageTicks = 62500; } else { ageTicks = 182500; } },OK
Client/Syncing/Game/SyncDelegates.cs,266,SyncDelegate.Lambda,Hediff_MetalhorrorImplant,GetGizmos,6,True,Change biosignature,yes,Verse/Hediff_MetalhorrorImplant.cs,322,{ implantSource.DebugSetBiosignature(implant.Biosignature); },OK
Client/Syncing/Game/SyncDelegates.cs,267,SyncMethod.Lambda,Hediff_Shambler,GetGizmos,0,True,Self raise,yes,Verse/Hediff_Shambler.cs,334,{ StartRising(); },OK
Client/Syncing/Game/SyncDelegates.cs,271,SyncMethod.Lambda,Building_VoidMonolith,GetGizmos,1,True,Dev activate,yes,RimWorld/Building_VoidMonolith.cs,675,{ if (base.Map.mapPawns.FreeColonists.TryRandomElement(out var result)) { Activate(result); } },OK
Client/Syncing/Game/SyncDelegates.cs,272,SyncMethod.Lambda,Building_VoidMonolith,GetGizmos,2,True,Dev relink,yes,RimWorld/Building_VoidMonolith.cs,689,{ Find.Anomaly.monolith = this; },OK
Client/Syncing/Game/SyncDelegates.cs,275,SyncDelegate.Lambda,Building_VoidMonolith,GetFloatMenuOptions,0,False,,yes,RimWorld/Building_VoidMonolith.cs,713,"{ Job job = JobMaker.MakeJob(JobDefOf.InvestigateMonolith, this); selPawn.jobs.TryTakeOrderedJob(job, JobTag.Misc); this.TryGetComp<CompProximityLetter>().letterSent = true; }",OK
Client/Syncing/Game/SyncDelegates.cs,277,SyncDelegate.Lambda,CompNociosphere,TargetLocation,1,False,,yes,RimWorld/CompNociosphere.cs,418,{ sendLocation = target.Cell; base.OrderForceTarget(caster); },OK
Client/Syncing/Game/SyncDelegates.cs,280,SyncDelegate.Lambda,Pawn_TrainingTracker,GetGizmos,0,False,Force attack target,yes,RimWorld/Pawn_TrainingTracker.cs,314,"{ IEnumerable<Pawn> enumerable = Find.Selector.SelectedObjects.Where((object x) => x is Pawn pawn && (bool)CanDoAttackTarget(pawn)).Cast<Pawn>(); if (!target.Cell.InHorDistOf(master.Position, 25.9f)) ",OK
Client/Syncing/Game/SyncDelegates.cs,281,SyncDelegate.Lambda,Pawn_TrainingTracker,GetGizmos,3,False,Cancel attacking target,yes,RimWorld/Pawn_TrainingTracker.cs,356,{ foreach (Pawn item2 in Find.Selector.SelectedObjects.Where(delegate(object x) { Pawn pawn = x as Pawn; return pawn?.training?.attackTarget != null && pawn.mindState.enemyTarget == pawn.training.atta,OK
Client/Syncing/Game/SyncDelegates.cs,284,SyncDelegate.Lambda,Entry,,0,False,,no,,,,NOT SCANNED (property getter/ctor) - manually checked OK
Client/Syncing/Game/SyncDelegates.cs,294,SyncDelegate.Lambda,LordJob_Ritual,GetPawnGizmos,0,False,Make pawn leave ritual,yes,RimWorld/LordJob_Ritual.cs,920,"{ pawnsForcedToLeave.Add(p); lord.Notify_PawnLost(p, PawnLostCondition.ForcedByPlayerAction); p.jobs?.EndCurrentJob(JobCondition.InterruptForced); SoundDefOf.Tick_Low.PlayOneShotOnCamera(); }",OK
Client/Syncing/Game/SyncDelegates.cs,296,SyncDelegate.Lambda,LordJob_BestowingCeremony,GetPawnGizmos,2,False,Cancel ceremony,yes,RimWorld/LordJob_BestowingCeremony.cs,436,"{ QuestUtility.SendQuestTargetSignals(lord.questTags, ""CeremonyFailed"", lord.Named(""SUBJECT"")); }",OK
Client/Syncing/Game/SyncDelegates.cs,297,SyncDelegate.Lambda,LordJob_BestowingCeremony,GetPawnGizmos,0,False,Make pawn leave ceremony,yes,RimWorld/LordJob_BestowingCeremony.cs,416,"{ lord.Notify_PawnLost(p, PawnLostCondition.ForcedByPlayerAction); SoundDefOf.Tick_Low.PlayOneShotOnCamera(); }",OK
Client/Syncing/Game/SyncDelegates.cs,300,SyncDelegate.Lambda,LordToil_BestowingCeremony_Wait,ExtraFloatMenuOptions,0,False,Begin bestowing float menu,yes,RimWorld/LordToil_BestowingCeremony_Wait.cs,56,"{ Find.WindowStack.Add(new Dialog_BeginRitual(""RitualBestowingCeremony"".Translate(), null, lordJob.targetSpot.ToTargetInfo(bestower.Map), bestower.Map, delegate(RitualRoleAssignments assignments) { St",OK
Client/Syncing/Game/SyncDelegates.cs,303,SyncDelegate.Lambda,CompPsylinkable,CompFloatMenuOptions,0,False,Psylinkable begin linking,yes,RimWorld/CompPsylinkable.cs,177,{ Precept_Ritual precept_Ritual = null; for (int i = 0; i < pawn.Ideo.PreceptsListForReading.Count; i++) { if (pawn.Ideo.PreceptsListForReading[i].def == PreceptDefOf.AnimaTreeLinking) { precept_Ritua,OK
Client/Syncing/Game/SyncDelegates.cs,305,SyncDelegate.Lambda,SocialCardUtility,DrawPawnRoleSelection,0,False,Begin role change: remove role,yes,RimWorld/SocialCardUtility.cs,511,"{ Dialog_BeginRitual dialog_BeginRitual = (Dialog_BeginRitual)roleChangeRitual.GetRitualBeginWindow(ritualTarget, null, null, pawn, new Dictionary<string, Pawn> { { ""role_changer"", pawn } }); dialog_B",OK
Client/Syncing/Game/SyncDelegates.cs,306,SyncDelegate.Lambda,SocialCardUtility,DrawPawnRoleSelection,3,False,Begin role change: assign role,yes,RimWorld/SocialCardUtility.cs,528,"{ Dialog_BeginRitual dialog_BeginRitual = (Dialog_BeginRitual)roleChangeRitual.GetRitualBeginWindow(ritualTarget, null, null, pawn, new Dictionary<string, Pawn> { { ""role_changer"", pawn } }); dialog_B",OK
Client/Syncing/Game/SyncDelegates.cs,308,SyncDelegate.Lambda,Dialog_BeginRitual,DrawRoleSelection,0,False,Select role: none,yes,RimWorld/Dialog_BeginRitual.cs,598,"{ confirmText = ""ChooseRoleConfirmUnassign"".Translate(currentRole.Named(""ROLE""), pawn.Named(""PAWN"")) + ""\n\n"" + ""ChooseRoleConfirmAssignPostfix"".Translate(); SetRoleToChangeTo(null); }",OK
Client/Syncing/Game/SyncDelegates.cs,309,SyncDelegate.Lambda,Dialog_BeginRitual,DrawRoleSelection,3,False,"Select role, set confirm text",yes,RimWorld/Dialog_BeginRitual.cs,621,"{ confirmText = confirmTextLocal + ""\n\n"" + extraConfirmText + ""\n\n"" + ""ChooseRoleConfirmAssignPostfix"".Translate(); SetRoleToChangeTo(newRole); }",OK
Client/Syncing/Game/SyncDelegates.cs,310,SyncDelegate.Lambda,Dialog_BeginRitual,DrawRoleSelection,4,False,"Select role, no confirm text",yes,RimWorld/Dialog_BeginRitual.cs,632,"{ newRole.Assign(pawn, addThoughts: true); }",OK
Client/Syncing/Game/SyncDelegates.cs,341,SyncDelegate.Lambda,ChoiceLetter_ChoosePawn,Option_ChoosePawn,0,False,Choose pawn (currently used for quest rewards),yes,RimWorld/ChoiceLetter_ChoosePawn.cs,73,"{ if (!chosenPawnSignal.NullOrEmpty()) { Find.SignalManager.SendSignal(new Signal(chosenPawnSignal, p.Named(""CHOSEN""))); } Find.LetterStack.RemoveLetter(this); }",OK
Client/Syncing/Game/SyncDelegates.cs,343,SyncMethod.LambdaInGetter,ChoiceLetter_AcceptJoiner,Choices,0,False,Accept joiner,no,,,,NOT SCANNED (property getter/ctor) - manually checked OK
Client/Syncing/Game/SyncDelegates.cs,345,SyncMethod.LambdaInGetter,ChoiceLetter_AcceptJoiner,Choices,1,False,,no,,,,NOT SCANNED (property getter/ctor) - manually checked OK
Client/Syncing/Game/SyncDelegates.cs,348,SyncMethod.LambdaInGetter,ChoiceLetter_AcceptVisitors,Option_Accept,0,False,Accept visitors join offer,no,,,,NOT SCANNED (property getter/ctor) - manually checked OK
Client/Syncing/Game/SyncDelegates.cs,350,SyncMethod.LambdaInGetter,ChoiceLetter_AcceptVisitors,Option_RejectWithCharityConfirmation,1,False,,no,,,,NOT SCANNED (property getter/ctor) - manually checked OK
Client/Syncing/Game/SyncDelegates.cs,353,SyncMethod.LambdaInGetter,ChoiceLetter_RansomDemand,Choices,0,False,Accept ransom demand,no,,,,NOT SCANNED (property getter/ctor) - manually checked OK
Client/Syncing/Game/SyncDelegates.cs,355,SyncMethod.LambdaInGetter,ChoiceLetter,Option_Reject,0,False,,no,,,,NOT SCANNED (property getter/ctor) - manually checked OK
Client/Syncing/Game/SyncDelegates.cs,372,SyncMethod.LambdaInGetter,ChoiceLetter_AcceptCreepJoiner,Choices,0,False,Accept joiner,no,,,,NOT SCANNED (property getter/ctor) - manually checked OK
Client/Syncing/Game/SyncDelegates.cs,373,SyncMethod.LambdaInGetter,ChoiceLetter_AcceptCreepJoiner,Choices,1,False,Arrest joiner,no,,,,NOT SCANNED (property getter/ctor) - manually checked OK
Client/Syncing/Game/SyncDelegates.cs,375,SyncMethod.LambdaInGetter,ChoiceLetter_AcceptCreepJoiner,Choices,2,False,,no,,,,NOT SCANNED (property getter/ctor) - manually checked OK
Client/Syncing/Game/SyncDelegates.cs,506,SyncDelegate.Lambda,GeneUIUtility,DoDebugButton,4,False,,yes,RimWorld/GeneUIUtility.cs,305,{ sourcePawn.genes.Debug_AddAllGenes(xenogene: true); },OK
Client/Syncing/Game/SyncDelegates.cs,508,SyncDelegate.Lambda,GeneUIUtility,DoDebugButton,5,False,,yes,RimWorld/GeneUIUtility.cs,309,{ sourcePawn.genes.Debug_AddAllGenes(xenogene: false); },OK
Client/Syncing/Game/SyncDelegates.cs,510,SyncDelegate.Lambda,GeneUIUtility,DoDebugButton,7,False,,yes,RimWorld/GeneUIUtility.cs,328,{ List<Gene> list2 = sourcePawn.genes.Endogenes; for (int num = list2.Count - 1; num >= 0; num--) { Gene gene = list2[num]; if (gene.def.endogeneCategory != EndogeneCategory.Melanin && gene.def.endoge,OK
Client/Syncing/Game/SyncDelegates.cs,514,SyncDelegate.Lambda,GeneUIUtility,DoDebugButton,11,False,,yes,RimWorld/GeneUIUtility.cs,297,{ sourcePawn.genes.RemoveGene(gene); },OK
Client/Syncing/Game/SyncDelegates.cs,516,SyncDelegate.Lambda,GeneUIUtility,DoDebugButton,12,False,,yes,RimWorld/GeneUIUtility.cs,319,{ sourcePawn.genes.SetXenotype(xenotype); },OK
Client/Syncing/Game/SyncDelegates.cs,518,SyncDelegate.Lambda,GeneUIUtility,DoDebugButton,13,False,,yes,RimWorld/GeneUIUtility.cs,351,{ geneSet.Debug_RemoveGene(gene); },OK
Client/Syncing/Game/SyncDelegates.cs,522,SyncDelegate.Lambda,DebugToolsPawns,Options_SetPrimary,0,True,Remove primary weapon/eqiupment,yes,Verse/DebugToolsPawns.cs,1114,{ if (pawn.equipment != null && pawn.equipment.Primary != null) { pawn.equipment.DestroyEquipment(pawn.equipment.Primary); } },OK
Client/Syncing/Game/SyncDelegates.cs,523,SyncDelegate.Lambda,DebugToolsPawns,Options_SetPrimary,3,True,Set primary weapon/eqiupment,yes,Verse/DebugToolsPawns.cs,1126,{ if (pawn.equipment.Primary != null) { pawn.equipment.DestroyEquipment(pawn.equipment.Primary); } ThingDef stuff = GenStuff.RandomStuffFor(def); ThingWithComps newEq = (ThingWithComps)ThingMaker.Make,OK
Client/Syncing/Game/SyncDelegates.cs,524,SyncDelegate.Lambda,DebugToolsPawns,Options_Wear,0,True,Remove all apparel,yes,Verse/DebugToolsPawns.cs,1092,{ pawn.apparel.DestroyAll(); },OK
Client/Syncing/Game/SyncDelegates.cs,525,SyncDelegate.Lambda,DebugToolsPawns,Options_Wear,3,True,Wear specified apparel,yes,Verse/DebugToolsPawns.cs,1101,"{ ThingDef stuff = GenStuff.RandomStuffFor(def); Apparel newApparel = (Apparel)ThingMaker.MakeThing(def, stuff); pawn.apparel.Wear(newApparel, dropReplacedApparel: false); }",OK
Client/Syncing/Game/SyncDelegates.cs,526,SyncDelegate.Lambda,DebugToolsPawns,Options_GiveToInventory,0,True,Clear inventory,yes,Verse/DebugToolsPawns.cs,1143,{ pawn.inventory.DestroyAll(); },OK
Client/Syncing/Game/SyncDelegates.cs,527,SyncDelegate.Lambda,DebugToolsPawns,Options_GiveToInventory,3,True,Give specified thing,yes,Verse/DebugToolsPawns.cs,1152,{ pawn.inventory.TryAddItemNotForSale(ThingMaker.MakeThing(def)); },OK
Client/Syncing/Game/SyncDelegates.cs,528,SyncDelegate.Lambda,DebugToolsPawns,PawnGearDevOptions,3,True,Damage random apparel,yes,Verse/DebugToolsPawns.cs,1082,"{ pawn.apparel.WornApparel.RandomElement().TakeDamage(new DamageInfo(DamageDefOf.Deterioration, 30f)); }",OK
Client/Syncing/Game/SyncDelegates.cs,531,SyncDelegate.Lambda,DebugTools_Health,Options_Hediff_BodyParts,0,True,Add specified hediff (no body part),yes,Verse/DebugTools_Health.cs,141,{ p.health.AddHediff(def).PostDebugAdd(); },OK
Client/Syncing/Game/SyncDelegates.cs,532,SyncDelegate.Lambda,DebugTools_Health,Options_Hediff_BodyParts,2,True,Add specified hediff to specified body part,yes,Verse/DebugTools_Health.cs,148,"{ p.health.AddHediff(def, localPart).PostDebugAdd(); }",OK
Client/Syncing/Game/SyncMethods.cs,126,SyncMethod.Lambda,CompTempControl,CompGetGizmosExtra,2,False,Reset temperature,yes,RimWorld/CompTempControl.cs,84,{ TargetTemperature = 21f; SoundDefOf.Tick_Tiny.PlayOneShotOnCamera(); ThrowCurrentTemperatureText(); },OK
Client/Syncing/Game/SyncMethods.cs,127,SyncMethod.Lambda,Comp_AtmosphericHeater,CompGetGizmosExtra,0,False,Reset temperature,yes,RimWorld/Comp_AtmosphericHeater.cs,155,{ TargetTemperature = 21f; SoundDefOf.Tick_Tiny.PlayOneShotOnCamera(); ThrowCurrentTemperatureText(); },OK
Client/Syncing/Game/SyncMethods.cs,132,SyncMethod.Lambda,Command_SetTargetFuelLevel,ProcessInput,2,False,,yes,RimWorld/Command_SetTargetFuelLevel.cs,53,{ for (int k = 0; k < refuelables.Count; k++) { refuelables[k].TargetFuelLevel = value; } },OK
Client/Syncing/Game/SyncMethods.cs,183,SyncMethod.Lambda,CompLaunchable,CompGetGizmosExtra,3,True,DEV: reset launch cooldown,yes,RimWorld/CompLaunchable.cs,231,{ lastLaunchTick = Find.TickManager.TicksGame - Props.cooldownTicks; },OK
Client/Syncing/Game/SyncMethods.cs,208,SyncMethod.Lambda,Plant,GetGizmos,0,False,Cut all blighted,yes,RimWorld/Plant.cs,1179,{ foreach (Plant item in base.Map.listerThings.ThingsInGroup(ThingRequestGroup.Plant)) { if (item != null && item.Blighted && !base.Map.designationManager.HasMapDesignationOn(item)) { base.Map.designa,OK
Client/Syncing/Game/SyncMethods.cs,209,SyncMethod.Lambda,Plant,GetGizmos,1,True,Dev spread blight,yes,RimWorld/Plant.cs,1201,{ Blight.TryReproduceNow(); },OK
Client/Syncing/Game/SyncMethods.cs,243,SyncMethod.Lambda,Building_FermentingBarrel,GetGizmos,0,True,Set progress to 1,yes,RimWorld/Building_FermentingBarrel.cs,251,{ Progress = 1f; },OK
Client/Syncing/Game/SyncMethods.cs,244,SyncMethod.Lambda,Building_FermentingBarrel,GetGizmos,1,True,Fill,yes,RimWorld/Building_FermentingBarrel.cs,261,{ Progress = 1f; wortCount = 25; },OK
Client/Syncing/Game/SyncMethods.cs,245,SyncMethod.Lambda,CompBandNode,CompGetGizmosExtra,8,True,Complete tuning,yes,RimWorld/CompBandNode.cs,139,{ tuningTimeLeft = 0; },OK
Client/Syncing/Game/SyncMethods.cs,246,SyncMethod.Lambda,CompCauseGameCondition_ForceWeather,CompGetGizmosExtra,0,True,Change to next weather,yes,RimWorld/CompCauseGameCondition_ForceWeather.cs,32,{ List<WeatherDef> allDefsListForReading = DefDatabase<WeatherDef>.AllDefsListForReading; int num = allDefsListForReading.FindIndex((WeatherDef w) => w == weather); num++; if (num >= allDefsListForRea,OK
Client/Syncing/Game/SyncMethods.cs,247,SyncMethod.Lambda,CompCauseGameCondition_PsychicEmanation,CompGetGizmosExtra,0,True,Change gender,yes,RimWorld/CompCauseGameCondition_PsychicEmanation.cs,89,{ if (gender == Gender.Female) { gender = Gender.Male; } else { gender = Gender.Female; } ReSetupAllConditions(); },OK
Client/Syncing/Game/SyncMethods.cs,248,SyncMethod.Lambda,CompCauseGameCondition_PsychicEmanation,CompGetGizmosExtra,1,True,Increase intensity,yes,RimWorld/CompCauseGameCondition_PsychicEmanation.cs,105,{ IncreaseDroneLevel(); ReSetupAllConditions(); },OK
Client/Syncing/Game/SyncMethods.cs,249,SyncMethod.Lambda,CompCauseGameCondition_PsychicSuppression,CompGetGizmosExtra,0,True,Change gender,yes,RimWorld/CompCauseGameCondition_PsychicSuppression.cs,31,{ if (gender == Gender.Female) { gender = Gender.Male; } else { gender = Gender.Female; } ReSetupAllConditions(); },OK
Client/Syncing/Game/SyncMethods.cs,252,SyncMethod.Lambda,CompDeepDrill,CompGetGizmosExtra,0,True,,yes,RimWorld/CompDeepDrill.cs,146,{ TryProducePortion(1f); },OK
Client/Syncing/Game/SyncMethods.cs,253,SyncMethod.Lambda,CompDissolution,CompGetGizmosExtra,0,True,Dissolution event,yes,RimWorld/CompDissolution.cs,188,{ TriggerDissolutionEvent(); },OK
Client/Syncing/Game/SyncMethods.cs,254,SyncMethod.Lambda,CompDissolution,CompGetGizmosExtra,1,True,Dissolution event until destroyed,yes,RimWorld/CompDissolution.cs,196,{ int num = 1000; while (!parent.Destroyed && num > 0) { TriggerDissolutionEvent(); num--; } },OK
Client/Syncing/Game/SyncMethods.cs,255,SyncMethod.Lambda,CompDissolution,CompGetGizmosExtra,2,True,Dissolution progress +25%,yes,RimWorld/CompDissolution.cs,209,"{ parent.TakeDamage(new DamageInfo(DamageDefOf.Deterioration, (float)DissolutionAfterDamage * 0.25f)); }",OK
Client/Syncing/Game/SyncMethods.cs,256,SyncMethod.Lambda,CompEggContainer,CompGetGizmosExtra,0,True,Fill with eggs,yes,RimWorld/CompEggContainer.cs,88,"{ Thing thing = ThingMaker.MakeThing(ThingDef.Named(""EggChickenUnfertilized"")); thing.stackCount = base.Props.stackLimit; innerContainer.TryAdd(thing); }",OK
Client/Syncing/Game/SyncMethods.cs,257,SyncMethod.Lambda,CompHackable,CompGetGizmosExtra,1,False,Toggle auto hack,yes,RimWorld/CompHackable.cs,511,"{ autohack = !autohack; if (autohack && !Props.autohackWarningString.NullOrEmpty()) { Messages.Message(Props.autohackWarningString.Formatted(parent), parent, MessageTypeDefOf.NegativeEvent, historical",OK
Client/Syncing/Game/SyncMethods.cs,258,SyncMethod.Lambda,CompHackable,CompGetGizmosExtra,7,True,DEV: Hack +10%,yes,RimWorld/CompHackable.cs,565,{ Hack(defence * 0.1f); },OK
Client/Syncing/Game/SyncMethods.cs,259,SyncMethod.Lambda,CompHackable,CompGetGizmosExtra,8,True,DEV: Complete hack,yes,RimWorld/CompHackable.cs,573,{ HackNow(); },OK
Client/Syncing/Game/SyncMethods.cs,263,SyncMethod.Lambda,CompProjectileInterceptor,CompGetGizmosExtra,0,True,Reset cooldown,yes,RimWorld/CompProjectileInterceptor.cs,480,{ lastInterceptTicks = Find.TickManager.TicksGame - Props.cooldownTicks; },OK
Client/Syncing/Game/SyncMethods.cs,264,SyncMethod.Lambda,CompProjectileInterceptor,CompGetGizmosExtra,2,True,Toggle intercept non-hostile,yes,RimWorld/CompProjectileInterceptor.cs,490,{ debugInterceptNonHostileProjectiles = !debugInterceptNonHostileProjectiles; },OK
Client/Syncing/Game/SyncMethods.cs,265,SyncMethod.Lambda,CompApparelVerbOwner_Charged,CompGetWornGizmosExtra,0,True,Reload to full,yes,RimWorld/CompApparelVerbOwner_Charged.cs,65,{ remainingCharges = MaxCharges; },OK
Client/Syncing/Game/SyncMethods.cs,266,SyncMethod.Lambda,CompEquippableAbilityReloadable,CompGetEquippedGizmosExtra,0,True,Reload to full,yes,RimWorld/CompEquippableAbilityReloadable.cs,118,{ RemainingCharges = MaxCharges; },OK
Client/Syncing/Game/SyncMethods.cs,267,SyncMethod.Lambda,CompScanner,CompGetGizmosExtra,0,True,Find now,yes,RimWorld/CompScanner.cs,106,{ DoFind(PawnsFinder.AllMaps_FreeColonists.RandomElement()); },OK
Client/Syncing/Game/SyncMethods.cs,268,SyncMethod.Lambda,CompTerrainPump,CompGetGizmosExtra,0,True,Progress 1 day,yes,RimWorld/CompTerrainPump.cs,99,{ progressTicks += 60000; },OK
Client/Syncing/Game/SyncMethods.cs,270,SyncMethod.Lambda,CompToxifier,CompGetGizmosExtra,1,True,"Pollute all, calls a synced method PolluteNextCell on loop which would cause infinite loop in MP if unsynced",yes,RimWorld/CompToxifier.cs,139,{ while (CanPolluteNow) { PolluteNextCell(silent: true); } },OK
Client/Syncing/Game/SyncMethods.cs,271,SyncMethod.Lambda,MinifiedTree,GetGizmos,0,True,Destroy,yes,RimWorld/MinifiedTree.cs,138,{ Destroy(); },OK
Client/Syncing/Game/SyncMethods.cs,272,SyncMethod.Lambda,MinifiedTree,GetGizmos,1,True,Die in 1 hour,yes,RimWorld/MinifiedTree.cs,145,{ ticksTillDeath = 2500; },OK
Client/Syncing/Game/SyncMethods.cs,273,SyncMethod.Lambda,MinifiedTree,GetGizmos,2,True,Die in 1 day,yes,RimWorld/MinifiedTree.cs,152,{ ticksTillDeath = 60000; },OK
Client/Syncing/Game/SyncMethods.cs,274,SyncMethod.Lambda,Pawn,GetGizmos,0,True,Psyfocus -20%,yes,Verse/Pawn.cs,3370,{ psychicEntropy.OffsetPsyfocusDirectly(-0.2f); },OK
Client/Syncing/Game/SyncMethods.cs,275,SyncMethod.Lambda,Pawn,GetGizmos,1,True,Psyfocus +20%,yes,Verse/Pawn.cs,3378,{ psychicEntropy.OffsetPsyfocusDirectly(0.2f); },OK
Client/Syncing/Game/SyncMethods.cs,276,SyncMethod.Lambda,Pawn,GetGizmos,2,True,Psychic entropy -20%,yes,Verse/Pawn.cs,3386,{ psychicEntropy.TryAddEntropy(-20f); },OK
Client/Syncing/Game/SyncMethods.cs,277,SyncMethod.Lambda,Pawn,GetGizmos,3,True,Psychic entropy +20%,yes,Verse/Pawn.cs,3394,{ psychicEntropy.TryAddEntropy(20f); },OK
Client/Syncing/Game/SyncMethods.cs,278,SyncMethod.Lambda,Pawn,GetGizmos,6,True,Reset faction permit cooldowns,yes,Verse/Pawn.cs,3532,{ foreach (FactionPermit allFactionPermit2 in royalty.AllFactionPermits) { allFactionPermit2.ResetCooldown(); } },OK
Client/Syncing/Game/SyncMethods.cs,279,SyncMethod.Lambda,Pawn,GetGizmos,7,True,Reset try romance cooldown,yes,Verse/Pawn.cs,3613,{ relations.romanceEnableTick = -1; },OK
Client/Syncing/Game/SyncMethods.cs,282,SyncMethod.Lambda,Building_Bookcase,GetGizmos,0,True,Fill with books,yes,RimWorld/Building_Bookcase.cs,321,"{ for (int i = HeldBooks.Count; i < MaximumBooks; i++) { Book item = BookUtility.MakeBook(ThingDefOf.TextBook, ArtGenerationContext.Outsider); innerContainer.TryAdd(item); } }",OK
Client/Syncing/Game/SyncMethods.cs,283,SyncMethod.Lambda,Building_WorkTableAutonomous,GetGizmos,0,True,Forming cycle +25%,yes,RimWorld/Building_WorkTableAutonomous.cs,149,{ ActiveBill.formingTicks -= (float)ActiveBill.recipe.formingTicks * 0.25f; },OK
Client/Syncing/Game/SyncMethods.cs,284,SyncMethod.Lambda,Building_WorkTableAutonomous,GetGizmos,1,True,Complete cycle,yes,RimWorld/Building_WorkTableAutonomous.cs,157,{ ActiveBill.formingTicks = 0f; },OK
Client/Syncing/Game/SyncMethods.cs,285,SyncMethod.Lambda,CompAbilityEffect_ResurrectMech,CompGetGizmosExtra,0,True,Add charge,yes,RimWorld/CompAbilityEffect_ResurrectMech.cs,122,{ resurrectCharges++; },OK
Client/Syncing/Game/SyncMethods.cs,286,SyncMethod.Lambda,CompAbilityEffect_ResurrectMech,CompGetGizmosExtra,1,True,Remove charge,yes,RimWorld/CompAbilityEffect_ResurrectMech.cs,131,"{ resurrectCharges--; resurrectCharges = Mathf.Max(resurrectCharges, 0); }",OK
Client/Syncing/Game/SyncMethods.cs,287,SyncMethod.Lambda,CompAnalyzable,CompGetGizmosExtra,0,True,Finish analysis,yes,RimWorld/CompAnalyzable.cs,130,{ OnAnalyzed(Find.CurrentMap.mapPawns.FreeColonistsSpawned.First()); },OK
Client/Syncing/Game/SyncMethods.cs,288,SyncMethod.Lambda,CompChimera,CompGetGizmosExtra,0,True,Switch stalk/attack mode,yes,RimWorld/CompChimera.cs,74,"{ Lord lord = Pawn.GetLord(); if (lord == null) { lord = LordMaker.MakeNewLord(Faction.OfEntities, new LordJob_ChimeraAssault(), Pawn.Map, new List<Pawn> { Pawn }); Pawn.SetFaction(Faction.OfEntities)",OK
Client/Syncing/Game/SyncMethods.cs,290,SyncMethod.Lambda,CompGrayStatueGas,CompGetGizmosExtra,0,True,Test gas spread,yes,RimWorld/CompGrayStatueGas.cs,38,"{ parent.Map.gasGrid.EstimateGasDiffusion(parent.Position, GasType.DeadlifeDust, GasAmount, delegate(IntVec3 c) { GenSpawn.Spawn(ThingMaker.MakeThing(ThingDefOf.PowerConduit), c, parent.Map); }); }",OK
Client/Syncing/Game/SyncMethods.cs,291,SyncMethod.Lambda,CompInteractable,CompGetGizmosExtra,1,True,Reset cooldown,yes,RimWorld/CompInteractable.cs,320,{ cooldownTicks = 0; CooldownEnded(); },OK
Client/Syncing/Game/SyncMethods.cs,294,SyncMethod.Lambda,CompPowerTrader,CompGetGizmosExtra,0,True,Toggle power on/off,yes,RimWorld/CompPowerTrader.cs,322,{ PowerOn = !PowerOn; },OK
Client/Syncing/Game/SyncMethods.cs,295,SyncMethod.Lambda,CompProximityFuse,CompGetGizmosExtra,0,True,Trigger,yes,RimWorld/CompProximityFuse.cs,26,{ parent.GetComp<CompExplosive>().StartWick(); },OK
Client/Syncing/Game/SyncMethods.cs,296,SyncMethod.Lambda,CompRevenant,CompGetGizmosExtra,0,True,Reset hypnosis cooldown,yes,RimWorld/CompRevenant.cs,299,{ nextHypnosis = Find.TickManager.TicksGame; },OK
Client/Syncing/Game/SyncMethods.cs,297,SyncMethod.Lambda,CompRevenant,CompGetGizmosExtra,1,True,Change to wander mode,yes,RimWorld/CompRevenant.cs,310,{ revenantState = RevenantState.Wander; Revenant.mindState.enemyTarget = null; Revenant.jobs.EndCurrentJob(JobCondition.InterruptForced); },OK
Client/Syncing/Game/SyncMethods.cs,298,SyncMethod.Lambda,CompRevenant,CompGetGizmosExtra,2,True,Change to sleep mode,yes,RimWorld/CompRevenant.cs,323,{ revenantState = RevenantState.Sleep; Revenant.mindState.enemyTarget = null; Revenant.jobs.EndCurrentJob(JobCondition.InterruptForced); },OK
Client/Syncing/Game/SyncMethods.cs,299,SyncMethod.Lambda,CompRevenant,CompGetGizmosExtra,3,True,Find target,yes,RimWorld/CompRevenant.cs,338,"{ Pawn pawn = RevenantUtility.ScanForTarget(Revenant, forced: true); if (pawn != null) { Revenant.mindState.enemyTarget = pawn; revenantState = RevenantState.Attack; Revenant.jobs.EndCurrentJob(JobCon",OK
Client/Syncing/Game/SyncMethods.cs,301,SyncMethod.Lambda,CompShield,CompGetWornGizmosExtra,0,True,Reset,yes,RimWorld/CompShield.cs,146,{ ticksToReset = 0; },OK
Client/Syncing/Game/SyncMethods.cs,303,SyncMethod.Lambda,CompSpawnSubplant,CompGetGizmosExtra,0,True,Add 100% progress,yes,RimWorld/CompSpawnSubplant.cs,159,"{ AddProgress(1f, ignoreMultiplier: true); }",OK
Client/Syncing/Game/SyncMethods.cs,304,SyncMethod.Lambda,CompVoidStructure,CompGetGizmosExtra,0,True,Activate,yes,RimWorld/CompVoidStructure.cs,122,"{ Interact(parent.Map.mapPawns.FreeColonistsSpawned.RandomElement(), force: true); }",OK
Client/Syncing/Game/SyncMethods.cs,305,SyncMethod.Lambda,CompObelisk,CompGetGizmosExtra,0,True,Trigger interaction effect,yes,RimWorld/CompObelisk.cs,222,{ TriggerInteractionEffect(Find.CurrentMap.mapPawns.FreeColonistsSpawned.RandomElement()); },OK
Client/Syncing/Game/SyncMethods.cs,306,SyncMethod.Lambda,Pawn_NeedsTracker,GetGizmos,0,True,+5% mech energy,yes,RimWorld/Pawn_NeedsTracker.cs,393,{ energy.CurLevelPercentage += 0.05f; },OK
Client/Syncing/Game/SyncMethods.cs,307,SyncMethod.Lambda,Pawn_NeedsTracker,GetGizmos,1,True,-5% mech energy,yes,RimWorld/Pawn_NeedsTracker.cs,401,{ energy.CurLevelPercentage -= 0.05f; },OK
Client/Syncing/Game/SyncMethods.cs,309,SyncMethod.Lambda,Caravan,GetGizmos,4,True,"End shuttle cooldown            SyncMethod.Lambda(typeof(Caravan), nameof(Caravan.GetGizmos), 4).SetDebugOnly();  // End shuttle cooldown",yes,RimWorld.Planet/Caravan.cs,843,{ Shuttle.LaunchableComp.lastLaunchTick = Find.TickManager.TicksGame - Shuttle.LaunchableComp.Props.cooldownTicks; },OK
Client/Syncing/Game/SyncMethods.cs,310,SyncMethod.Lambda,Caravan,GetGizmos,5,True,"Cause mental break            SyncMethod.Lambda(typeof(Caravan), nameof(Caravan.GetGizmos), 5).SetDebugOnly();  // Cause mental break",yes,RimWorld.Planet/Caravan.cs,857,{ if (PawnsListForReading.Where((Pawn x) => x.RaceProps.Humanlike && !x.InMentalState).TryRandomElement(out var result)) { result.mindState.mentalStateHandler.TryStartMentalState(MentalStateDefOf.Wand,OK
Client/Syncing/Game/SyncMethods.cs,311,SyncMethod.Lambda,Caravan,GetGizmos,7,True,"Make random pawn hungry            SyncMethod.Lambda(typeof(Caravan), nameof(Caravan.GetGizmos), 7).SetDebugOnly();  // Make random pawn hungry",yes,RimWorld.Planet/Caravan.cs,867,{ if (PawnsListForReading.Where((Pawn x) => x.needs.food != null).TryRandomElement(out var result)) { result.needs.food.CurLevelPercentage = 0f; } },OK
Client/Syncing/Game/SyncMethods.cs,312,SyncMethod.Lambda,Caravan,GetGizmos,9,True,"Kill random pawn            SyncMethod.Lambda(typeof(Caravan), nameof(Caravan.GetGizmos), 9).SetDebugOnly();  // Kill random pawn",yes,RimWorld.Planet/Caravan.cs,877,"{ if (PawnsListForReading.TryRandomElement(out var result)) { result.Kill(null, null); Messages.Message(""DEV: Killed "" + result.LabelShort, this, MessageTypeDefOf.TaskCompletion, historical: false); }",OK
Client/Syncing/Game/SyncMethods.cs,313,SyncMethod.Lambda,Caravan,GetGizmos,10,True,"Kill all non-slave pawns            SyncMethod.Lambda(typeof(Caravan), nameof(Caravan.GetGizmos), 10).SetDebugOnly(); // Kill all non-slave pawns",yes,RimWorld.Planet/Caravan.cs,890,"{ for (int num = PawnsListForReading.Count - 1; num >= 0; num--) { Pawn pawn = PawnsListForReading[num]; if (!pawn.IsSlave) { pawn.Kill(null, null); Messages.Message(""DEV: Killed "" + pawn.LabelShort, ",OK
Client/Syncing/Game/SyncMethods.cs,314,SyncMethod.Lambda,Caravan,GetGizmos,11,True,"Harm random pawn            SyncMethod.Lambda(typeof(Caravan), nameof(Caravan.GetGizmos), 11).SetDebugOnly(); // Harm random pawn",yes,RimWorld.Planet/Caravan.cs,906,"{ if (PawnsListForReading.TryRandomElement(out var result)) { DamageInfo dinfo = new DamageInfo(DamageDefOf.Scratch, 10f, 999f); result.TakeDamage(dinfo); } }",OK
Client/Syncing/Game/SyncMethods.cs,315,SyncMethod.Lambda,Caravan,GetGizmos,12,True,"Down random pawn            SyncMethod.Lambda(typeof(Caravan), nameof(Caravan.GetGizmos), 12).SetDebugOnly(); // Down random pawn",yes,RimWorld.Planet/Caravan.cs,917,"{ if (PawnsListForReading.Where((Pawn x) => !x.Downed).TryRandomElement(out var result)) { HealthUtility.DamageUntilDowned(result); Messages.Message(""DEV: Downed "" + result.LabelShort, this, MessageTy",OK
Client/Syncing/Game/SyncMethods.cs,316,SyncMethod.Lambda,Caravan,GetGizmos,14,True,"Plague on random pawn            SyncMethod.Lambda(typeof(Caravan), nameof(Caravan.GetGizmos), 14).SetDebugOnly(); // Plague on random pawn",yes,RimWorld.Planet/Caravan.cs,928,"{ if (PawnsListForReading.Where((Pawn x) => !x.Downed && x.RaceProps.IsFlesh).TryRandomElement(out var result)) { Hediff hediff = HediffMaker.MakeHediff(HediffDefOf.Plague, result); hediff.Severity = ",OK
Client/Syncing/Game/SyncMethods.cs,317,SyncMethod.Lambda,Caravan,GetGizmos,16,True,"Teleport to destination            SyncMethod.Lambda(typeof(Caravan), nameof(Caravan.GetGizmos), 16).SetDebugOnly(); // Teleport to destination",yes,RimWorld.Planet/Caravan.cs,941,{ base.Tile = pather.Destination; pather.StopDead(); },OK
Client/Syncing/Game/SyncMethods.cs,318,SyncMethod.Lambda,Caravan,GetGizmos,17,True,"+20% psyfocus            SyncMethod.Lambda(typeof(Caravan), nameof(Caravan.GetGizmos), 17).SetDebugOnly(); // +20% psyfocus",yes,RimWorld.Planet/Caravan.cs,951,{ for (int i = 0; i < PawnsListForReading.Count; i++) { PawnsListForReading[i].psychicEntropy?.OffsetPsyfocusDirectly(0.2f); } },OK
Client/Syncing/Game/SyncMethods.cs,320,SyncMethod.Lambda,EnterCooldownComp,GetGizmos,0,True,Set enter cooldown to 1 hour,yes,RimWorld.Planet/EnterCooldownComp.cs,89,{ endTick = GenTicks.TicksGame + 2500; },OK
Client/Syncing/Game/SyncMethods.cs,321,SyncMethod.Lambda,EnterCooldownComp,GetGizmos,1,True,Reset enter cooldown,yes,RimWorld.Planet/EnterCooldownComp.cs,97,{ endTick = GenTicks.TicksGame; },OK
Client/Syncing/Game/SyncMethods.cs,322,SyncMethod.Lambda,TimedDetectionRaids,GetGizmos,0,True,Set raid timer to 1 hour,yes,RimWorld.Planet/TimedDetectionRaids.cs,175,{ ticksLeftToSendRaid = 2500; },OK
Client/Syncing/Game/SyncMethods.cs,323,SyncMethod.Lambda,TimedDetectionRaids,GetGizmos,1,True,Disable raid timer,yes,RimWorld.Planet/TimedDetectionRaids.cs,182,{ ticksLeftToSendRaid = -1; },OK
Client/Syncing/Game/SyncMethods.cs,324,SyncMethod.Lambda,TimedDetectionRaids,GetGizmos,2,True,Set notify raid timer to 1 hour,yes,RimWorld.Planet/TimedDetectionRaids.cs,189,{ ticksLeftTillNotifyPlayer = 2500; },OK
Client/Syncing/Game/SyncMethods.cs,325,SyncMethod.Lambda,Corpse,GetGizmos,0,True,Resurrect,yes,Verse/Corpse.cs,509,{ ResurrectionUtility.TryResurrect(InnerPawn); },OK
Client/Syncing/Game/SyncMethods.cs,326,SyncMethod.Lambda,Corpse,GetGizmos,1,True,Resurrect as shambler,yes,Verse/Corpse.cs,519,{ MutantUtility.ResurrectAsShambler(InnerPawn); },OK
Client/Syncing/Game/SyncMethods.cs,327,SyncMethod.Lambda,UnnaturalCorpse,GetGizmos,0,True,Disappear,yes,Verse/UnnaturalCorpse.cs,172,{ Find.Anomaly.DevRemoveUnnaturalCorpse(tracker.Haunted); },OK
Client/Syncing/Game/SyncMethods.cs,328,SyncMethod.Lambda,UnnaturalCorpse,GetGizmos,1,True,Teleport,yes,Verse/UnnaturalCorpse.cs,182,{ teleport = true; },OK
Client/Syncing/Game/SyncMethods.cs,329,SyncMethod.Lambda,UnnaturalCorpse,GetGizmos,2,True,Mental break,yes,Verse/UnnaturalCorpse.cs,191,{ tracker.TryTriggerMentalBreak(); },OK
Client/Syncing/Game/SyncMethods.cs,330,SyncMethod.Lambda,UnnaturalCorpse,GetGizmos,3,True,Awake,yes,Verse/UnnaturalCorpse.cs,199,{ tracker.DevAwaken(); },OK
Client/Syncing/Game/SyncMethods.cs,331,SyncMethod.Lambda,UnnaturalCorpse,GetGizmos,4,True,Unlock deactivation,yes,Verse/UnnaturalCorpse.cs,209,{ tracker.DevUnlockDeactivation(); },OK
Client/Syncing/Game/SyncMethods.cs,332,SyncMethod.Lambda,Thing,GetGizmos,0,True,Extinguish,yes,Verse/Thing.cs,1449,{ this.GetAttachment(ThingDefOf.Fire)?.Destroy(); },OK
Client/Syncing/Game/SyncMethods.cs,333,SyncMethod.Lambda,BookOutcomeDoer_GiveQuest,GetGizmos,1,True,Give quest,yes,RimWorld/BookOutcomeDoer_GiveQuest.cs,137,{ giveNext = true; },OK
Client/Syncing/Game/SyncMethods.cs,336,SyncMethod.Lambda,CompEggLayer,CompGetGizmosExtra,0,False,LayEgg,yes,RimWorld/CompEggLayer.cs,178,{ eggProgress = 1f; },OK but DEV gizmo missing SetDebugOnly
Client/Syncing/Game/SyncMethods.cs,341,SyncMethod.Lambda,WorldObject,GetGizmos,1,True,Generate map,yes,RimWorld.Planet/WorldObject.cs,603,"{ LongEventHandler.QueueLongEvent(delegate { SetFaction(Faction.OfPlayer); Map orGenerateMap = GetOrGenerateMapUtility.GetOrGenerateMap(Tile, new IntVec3(200, 1, 200), null); Current.Game.CurrentMap =",OK
Client/Syncing/Game/SyncMethods.cs,342,SyncMethod.Lambda,PsychicRitualToil_InvokeHorax,DebugFinishGizmo,0,True,,yes,Verse.AI.Group/PsychicRitualToil_InvokeHorax.cs,450,{ hoursUntilOutcome = 0f; },OK
Client/Syncing/Game/SyncMethods.cs,345,SyncMethod.Lambda,CompTurretGun,CompGetGizmosExtra,1,False,Toggle fire at will,yes,RimWorld/CompTurretGun.cs,181,{ fireAtWill = !fireAtWill; },OK
Client/Syncing/Game/SyncMethods.cs,354,SyncMethod.Lambda,Building_GeneExtractor,GetGizmos,2,False,Cancel load,yes,RimWorld/Building_GeneExtractor.cs,393,"{ innerContainer.TryDropAll(base.Position, base.Map, ThingPlaceMode.Near); if (selectedPawn.CurJobDef == JobDefOf.EnterBuilding) { selectedPawn.jobs.EndCurrentJob(JobCondition.InterruptForced); } sele",OK
Client/Syncing/Game/SyncMethods.cs,358,SyncMethod.Lambda,Building_GrowthVat,GetGizmos,1,False,Cancel growth,yes,RimWorld/Building_GrowthVat.cs,652,"{ Finish(); innerContainer.TryDropAll(InteractionCell, base.Map, ThingPlaceMode.Near); }",OK
Client/Syncing/Game/SyncMethods.cs,359,SyncMethod.Lambda,Building_GrowthVat,GetGizmos,6,False,Cancel load,yes,RimWorld/Building_GrowthVat.cs,730,"{ DestroyEmbryo(); innerContainer.TryDropAll(InteractionCell, base.Map, ThingPlaceMode.Near); if (innerContainer.Contains(selectedPawn)) { Notify_PawnRemoved(); } if (selectedPawn?.CurJobDef == JobDef",OK
Client/Syncing/Game/SyncMethods.cs,361,SyncMethod.Lambda,Building_GrowthVat,GetGizmos,3,True,Advance 1 year,yes,RimWorld/Building_GrowthVat.cs,688,{ selectedPawn.ageTracker.Notify_TickedInGrowthVat(3600000); },OK
Client/Syncing/Game/SyncMethods.cs,362,SyncMethod.Lambda,Building_GrowthVat,GetGizmos,4,True,Advance gestation 1 day,yes,RimWorld/Building_GrowthVat.cs,704,"{ startTick = Mathf.Max(0, startTick - 60000); }",OK
Client/Syncing/Game/SyncMethods.cs,363,SyncMethod.Lambda,Building_GrowthVat,GetGizmos,5,True,Embryo birth now,yes,RimWorld/Building_GrowthVat.cs,712,{ startTick = Find.TickManager.TicksGame; Finish(); },OK
Client/Syncing/Game/SyncMethods.cs,364,SyncMethod.Lambda,Building_GrowthVat,GetGizmos,11,True,Fill nutrition,yes,RimWorld/Building_GrowthVat.cs,825,{ containedNutrition = 10f; },OK
Client/Syncing/Game/SyncMethods.cs,365,SyncMethod.Lambda,Building_GrowthVat,GetGizmos,12,True,Empty nutrition,yes,RimWorld/Building_GrowthVat.cs,833,{ containedNutrition = 0f; },OK
Client/Syncing/Game/SyncMethods.cs,369,SyncMethod.Lambda,Building_SubcoreScanner,GetGizmos,1,False,Initialize,yes,RimWorld/Building_SubcoreScanner.cs,485,{ initScanner = true; },OK
Client/Syncing/Game/SyncMethods.cs,371,SyncMethod.Lambda,Building_SubcoreScanner,GetGizmos,6,True,Enable/disable ingredients,yes,RimWorld/Building_SubcoreScanner.cs,577,{ fabricationTicksLeft = 0; },OK (comment label swapped; all siblings registered)
Client/Syncing/Game/SyncMethods.cs,372,SyncMethod.Lambda,Building_SubcoreScanner,GetGizmos,7,True,Complete,yes,RimWorld/Building_SubcoreScanner.cs,585,{ debugDisableNeedForIngredients = !debugDisableNeedForIngredients; },OK (comment label swapped; all siblings registered)
Client/Syncing/Game/SyncMethods.cs,376,SyncMethod.Lambda,Building_MechCharger,GetGizmos,0,True,Waste 100%,yes,RimWorld/Building_MechCharger.cs,243,{ wasteProduced = WasteProducedPerChargingCycle; },OK
Client/Syncing/Game/SyncMethods.cs,377,SyncMethod.Lambda,Building_MechCharger,GetGizmos,1,True,Waste 25%,yes,RimWorld/Building_MechCharger.cs,251,"{ wasteProduced += 0.25f * (float)WasteProducedPerChargingCycle; wasteProduced = Mathf.Clamp(wasteProduced, 0f, WasteProducedPerChargingCycle); }",OK
Client/Syncing/Game/SyncMethods.cs,378,SyncMethod.Lambda,Building_MechCharger,GetGizmos,2,True,Waste 0%,yes,RimWorld/Building_MechCharger.cs,260,{ wasteProduced = 0f; },OK
Client/Syncing/Game/SyncMethods.cs,380,SyncMethod.Lambda,Building_MechCharger,GetGizmos,3,True,Charge 100%,yes,RimWorld/Building_MechCharger.cs,278,{ currentlyChargingMech.needs.TryGetNeed(out Need_MechEnergy need); need.CurLevelPercentage = 1f; },OK
Client/Syncing/Game/SyncMethods.cs,382,SyncMethod.Lambda,Building_MechGestator,GetGizmos,0,True,Generate 5 waste,yes,RimWorld/Building_MechGestator.cs,266,{ WasteProducer.ProduceWaste(5); },OK
Client/Syncing/Game/SyncMethods.cs,386,SyncMethod.Lambda,CompMechCarrier,CompGetGizmosExtra,2,True,Fill,yes,RimWorld/CompMechCarrier.cs,174,{ cooldownTicksRemaining = 0; },OK (comment label swapped; all siblings registered)
Client/Syncing/Game/SyncMethods.cs,387,SyncMethod.Lambda,CompMechCarrier,CompGetGizmosExtra,3,True,Empty,yes,RimWorld/CompMechCarrier.cs,182,"{ while (IngredientCount < Props.maxIngredientCount) { int stackCount = Mathf.Min(Props.maxIngredientCount - IngredientCount, Props.fixedIngredient.stackLimit); Thing thing = ThingMaker.MakeThing(Prop",OK (comment label swapped; all siblings registered)
Client/Syncing/Game/SyncMethods.cs,388,SyncMethod.Lambda,CompMechCarrier,CompGetGizmosExtra,4,True,Reset cooldown,yes,RimWorld/CompMechCarrier.cs,195,{ innerContainer.ClearAndDestroyContents(); },OK (comment label swapped; all siblings registered)
Client/Syncing/Game/SyncMethods.cs,390,SyncMethod.Lambda,CompMechPowerCell,CompGetGizmosExtra,0,True,Power left 0%,yes,RimWorld/CompMechPowerCell.cs,56,{ powerTicksLeft = 0; },OK
Client/Syncing/Game/SyncMethods.cs,391,SyncMethod.Lambda,CompMechPowerCell,CompGetGizmosExtra,1,True,Power left 100%,yes,RimWorld/CompMechPowerCell.cs,64,{ powerTicksLeft = Props.totalPowerTicks; },OK
Client/Syncing/Game/SyncMethods.cs,393,SyncMethod.Lambda,CompMechRepairable,CompGetGizmosExtra,1,False,Toggle auto repair,yes,RimWorld/CompMechRepairable.cs,23,{ autoRepair = !autoRepair; },OK
Client/Syncing/Game/SyncMethods.cs,398,SyncMethod.Lambda,CompMechRelay,CompGetGizmosExtra,0,True,Destabilize now,yes,RimWorld/CompMechRelay.cs,105,{ destabilizationTick = Find.TickManager.TicksGame; },OK
Client/Syncing/Game/SyncMethods.cs,401,SyncMethod.Lambda,CompAtomizer,CompGetGizmosExtra,1,False,Auto load,yes,RimWorld/CompAtomizer.cs,78,{ autoLoad = !autoLoad; },OK
Client/Syncing/Game/SyncMethods.cs,406,SyncMethod.Lambda,Genepack,GetGizmos,1,False,Auto load,yes,RimWorld/Genepack.cs,143,{ autoLoad = !autoLoad; },OK
Client/Syncing/Game/SyncMethods.cs,410,SyncMethod.Lambda,CompGenepackContainer,CompGetGizmosExtra,1,True,Fill with new packs,yes,RimWorld/CompGenepackContainer.cs,150,{ innerContainer.ClearAndDestroyContents(); for (int i = 0; i < Props.maxCapacity; i++) { innerContainer.TryAdd(ThingMaker.MakeThing(ThingDefOf.Genepack)); } },OK
Client/Syncing/Game/SyncMethods.cs,414,SyncMethod.Lambda,Gene_Deathrest,GetGizmos,2,False,Auto wake,yes,RimWorld/Gene_Deathrest.cs,522,{ autoWake = !autoWake; },OK
Client/Syncing/Game/SyncMethods.cs,415,SyncMethod.Lambda,Gene_Deathrest,GetGizmos,3,True,Wake and apply bonuses,yes,RimWorld/Gene_Deathrest.cs,534,{ deathrestTicks = MinDeathrestTicks + 1; adjustedDeathrestTicks = 240001f; foreach (CompDeathrestBindable boundComp in BoundComps) { boundComp.presenceTicks = deathrestTicks; } Wake(); },OK
Client/Syncing/Game/SyncMethods.cs,416,SyncMethod.Lambda,Gene_Healing,GetGizmos,0,True,Heal permament wound,yes,Verse/Gene_Healing.cs,40,"{ HediffComp_HealPermanentWounds.TryHealRandomPermanentWound(pawn, LabelCap); ResetInterval(); }",OK
Client/Syncing/Game/SyncMethods.cs,417,SyncMethod.Lambda,Gene_PsychicBonding,GetGizmos,0,True,Bond to random pawn,yes,Verse/Gene_PsychicBonding.cs,145,{ if ((from x in pawn.Map.mapPawns.SpawnedPawnsInFaction(pawn.Faction) where x.RaceProps.Humanlike && x != pawn select x).TryRandomElement(out var result)) { BondTo(result); } },OK
Client/Syncing/Game/SyncMethods.cs,433,SyncMethod.Lambda,CompExplosive,CompGetGizmosExtra,0,True,Trigger countdown,yes,RimWorld/CompExplosive.cs,331,{ countdownTicksLeft = 1; },OK
Client/Syncing/Game/SyncMethods.cs,436,SyncMethod.Lambda,Building_FirefoamPopper,GetGizmos,1,False,Toggle auto rebuild,yes,RimWorld/Building_FirefoamPopper.cs,58,{ autoRebuild = !autoRebuild; },OK
Client/Syncing/Game/SyncMethods.cs,455,SyncMethod.Lambda,Pawn_CreepJoinerTracker,GetGizmos,0,True,Unlock downside trigger,yes,RimWorld/Pawn_CreepJoinerTracker.cs,248,{ canTriggerDownsideAfter = GenTicks.TicksGame; },OK
Client/Syncing/Game/SyncMethods.cs,461,SyncMethod.Lambda,PitBurrow,GetGizmos,0,True,Spawn fleshbeast,yes,RimWorld/PitBurrow.cs,104,"{ if (emergingFleshbeasts == null) { emergingFleshbeasts = new List<Pawn>(); } PawnKindDef fingerspike = PawnKindDefOf.Fingerspike; Pawn item = PawnGenerator.GeneratePawn(fingerspike, FactionUtility.D",OK
Client/Syncing/Game/SyncMethods.cs,463,SyncMethod.Lambda,PitGate,GetGizmos,3,True,End cooldown,yes,RimWorld/PitGate.cs,339,{ lastIncidentTick = -999999; },OK
Client/Syncing/Game/SyncMethods.cs,468,SyncMethod.Lambda,Building_BioferriteHarvester,GetGizmos,1,False,Toggle unload,yes,RimWorld/Building_BioferriteHarvester.cs,188,{ unloadingEnabled = !unloadingEnabled; },OK
Client/Syncing/Game/SyncMethods.cs,469,SyncMethod.Lambda,Building_BioferriteHarvester,GetGizmos,3,True,Dev add +1,yes,RimWorld/Building_BioferriteHarvester.cs,213,"{ containedBioferrite = Mathf.Min(containedBioferrite + 1f, 60f); }",OK
Client/Syncing/Game/SyncMethods.cs,475,SyncMethod.Lambda,Building_OutfitStand,GetGizmos,1,False,Order a pawn to equip from a stand,yes,RimWorld/Building_OutfitStand.cs,847,"{ if (t.TryGetPawn(out var pawn)) { if (pawn.Downed) { Messages.Message(""IsIncapped"".Translate(pawn.LabelShort, pawn), MessageTypeDefOf.RejectInput, historical: false); } else if (pawn.CanReserveAndRe",OK
Client/Syncing/Game/SyncMethods.cs,481,SyncMethod.Lambda,Building_ArchonexusCore,GetMultiSelectFloatMenuOptions,0,False,Activate with selected pawns.,yes,RimWorld/Building_ArchonexusCore.cs,61,"{ tmpPawnsCanReach[0].jobs.TryTakeOrderedJob(JobMaker.MakeJob(JobDefOf.ActivateArchonexusCore, this), JobTag.Misc); tmpObservationSpots.Clear(); IntVec3 intVec = base.Position + ((InteractionCell - ba",OK
Client/Syncing/Game/SyncMethods.cs,501,SyncMethod.Lambda,Building_Crate,GetMultiSelectFloatMenuOptions,0,False,Activate with selected pawns.,yes,RimWorld/Building_Crate.cs,135,"{ tmpAllowedPawns[0].jobs.TryTakeOrderedJob(JobMaker.MakeJob(JobDefOf.Open, this), JobTag.Misc); for (int i = 1; i < tmpAllowedPawns.Count; i++) { FloatMenuOptionProvider_DraftedMove.PawnGotoAction(ba",OK
